route,method,action,middleware,public,auth_mode,expected,actual_status,result,evidence
/,GET,Closure,web,True,noauth,2xx/4xx per public flag,200,PASS,"GET / -> 200 {""app"":""TOEFL House ERP v3"",""version"":""3.0"",""status"":""ok"",""message"":""API-only backend. Use \/api\/* "
/,GET,Closure,web,True,badauth,2xx/4xx per public flag,200,PASS,"GET / -> 200 {""app"":""TOEFL House ERP v3"",""version"":""3.0"",""status"":""ok"",""message"":""API-only backend. Use \/api\/* "
/,GET,Closure,web,True,admin,never 5xx,200,PASS,"GET / -> 200 {""app"":""TOEFL House ERP v3"",""version"":""3.0"",""status"":""ok"",""message"":""API-only backend. Use \/api\/* "
/,GET,Closure,web,True,limited,never 5xx,200,PASS,"GET / -> 200 {""app"":""TOEFL House ERP v3"",""version"":""3.0"",""status"":""ok"",""message"":""API-only backend. Use \/api\/* "
api/audit-logs,GET,App\Modules\PlatformServices\Http\Controllers\AuditLogController@index,"api,Illuminate\Auth\Middleware\Authenticate:sanctum,App\Http\Middleware\ApiVersioning,App\Http\Middleware\ApiRateLimiter:default",False,noauth,401,401,PASS,"GET /api/audit-logs -> 401 {""message"":""Unauthenticated.""}"
api/audit-logs,GET,App\Modules\PlatformServices\Http\Controllers\AuditLogController@index,"api,Illuminate\Auth\Middleware\Authenticate:sanctum,App\Http\Middleware\ApiVersioning,App\Http\Middleware\ApiRateLimiter:default",False,badauth,401,401,PASS,"GET /api/audit-logs -> 401 {""message"":""Unauthenticated.""}"
api/audit-logs,GET,App\Modules\PlatformServices\Http\Controllers\AuditLogController@index,"api,Illuminate\Auth\Middleware\Authenticate:sanctum,App\Http\Middleware\ApiVersioning,App\Http\Middleware\ApiRateLimiter:default",False,admin,never 5xx,200,PASS,"GET /api/audit-logs -> 200 [{""id"":""afde18cf-53ba-498b-ab83-bbe53651a3bc"",""operator_id"":""5efbde29-2fbe-4943-9888-b53442742004"","""
api/audit-logs,GET,App\Modules\PlatformServices\Http\Controllers\AuditLogController@index,"api,Illuminate\Auth\Middleware\Authenticate:sanctum,App\Http\Middleware\ApiVersioning,App\Http\Middleware\ApiRateLimiter:default",False,limited,never 5xx,200,PASS,GET /api/audit-logs -> 200 []
api/auth/login,POST,App\Modules\Iam\Http\Controllers\AuthController@login,"api,App\Http\Middleware\ApiVersioning,App\Http\Middleware\ApiRateLimiter:default,App\Http\Middleware\ApiRateLimiter:auth",True,noauth,2xx/4xx per public flag,422,PASS,"POST /api/auth/login -> 422 {""message"":""The username field is required. (and 1 more error)"",""errors"":{""username"":[""The username "
api/auth/login,POST,App\Modules\Iam\Http\Controllers\AuthController@login,"api,App\Http\Middleware\ApiVersioning,App\Http\Middleware\ApiRateLimiter:default,App\Http\Middleware\ApiRateLimiter:auth",True,badauth,2xx/4xx per public flag,422,PASS,"POST /api/auth/login -> 422 {""message"":""The username field is required. (and 1 more error)"",""errors"":{""username"":[""The username "
api/auth/login,POST,App\Modules\Iam\Http\Controllers\AuthController@login,"api,App\Http\Middleware\ApiVersioning,App\Http\Middleware\ApiRateLimiter:default,App\Http\Middleware\ApiRateLimiter:auth",True,admin,never 5xx,422,PASS,"POST /api/auth/login -> 422 {""message"":""The username field is required. (and 1 more error)"",""errors"":{""username"":[""The username "
api/auth/login,POST,App\Modules\Iam\Http\Controllers\AuthController@login,"api,App\Http\Middleware\ApiVersioning,App\Http\Middleware\ApiRateLimiter:default,App\Http\Middleware\ApiRateLimiter:auth",True,limited,never 5xx,422,PASS,"POST /api/auth/login -> 422 {""message"":""The username field is required. (and 1 more error)"",""errors"":{""username"":[""The username "
api/auth/me,GET,App\Modules\Iam\Http\Controllers\AuthController@me,"api,Illuminate\Auth\Middleware\Authenticate:sanctum,App\Http\Middleware\ApiVersioning,App\Http\Middleware\ApiRateLimiter:default",False,noauth,401,401,PASS,"GET /api/auth/me -> 401 {""message"":""Unauthenticated.""}"
api/auth/me,GET,App\Modules\Iam\Http\Controllers\AuthController@me,"api,Illuminate\Auth\Middleware\Authenticate:sanctum,App\Http\Middleware\ApiVersioning,App\Http\Middleware\ApiRateLimiter:default",False,badauth,401,401,PASS,"GET /api/auth/me -> 401 {""message"":""Unauthenticated.""}"
api/auth/me,GET,App\Modules\Iam\Http\Controllers\AuthController@me,"api,Illuminate\Auth\Middleware\Authenticate:sanctum,App\Http\Middleware\ApiVersioning,App\Http\Middleware\ApiRateLimiter:default",False,admin,never 5xx,200,PASS,"GET /api/auth/me -> 200 {""user"":{""id"":""5efbde29-2fbe-4943-9888-b53442742004"",""username"":""admin"",""full_name"":""Ahmad Rahimi"","""
api/auth/me,GET,App\Modules\Iam\Http\Controllers\AuthController@me,"api,Illuminate\Auth\Middleware\Authenticate:sanctum,App\Http\Middleware\ApiVersioning,App\Http\Middleware\ApiRateLimiter:default",False,limited,never 5xx,200,PASS,"GET /api/auth/me -> 200 {""user"":{""id"":""4089bc60-4038-4e7f-a6b3-09a4bdb8cbd0"",""username"":""teacher1"",""full_name"":""Mr. Ali Reza"
api/book-sales,GET,App\Modules\Inventory\Http\Controllers\BookController@sales,"api,Illuminate\Auth\Middleware\Authenticate:sanctum,App\Http\Middleware\ApiVersioning,App\Http\Middleware\ApiRateLimiter:default",False,noauth,401,401,PASS,"GET /api/book-sales -> 401 {""message"":""Unauthenticated.""}"
api/book-sales,GET,App\Modules\Inventory\Http\Controllers\BookController@sales,"api,Illuminate\Auth\Middleware\Authenticate:sanctum,App\Http\Middleware\ApiVersioning,App\Http\Middleware\ApiRateLimiter:default",False,badauth,401,401,PASS,"GET /api/book-sales -> 401 {""message"":""Unauthenticated.""}"
api/book-sales,GET,App\Modules\Inventory\Http\Controllers\BookController@sales,"api,Illuminate\Auth\Middleware\Authenticate:sanctum,App\Http\Middleware\ApiVersioning,App\Http\Middleware\ApiRateLimiter:default",False,admin,never 5xx,200,PASS,"GET /api/book-sales -> 200 [{""id"":""46261c40-49b4-4e4b-a34b-7a3be53bc149"",""book_id"":""2835bfc1-0f5e-413d-b642-13d762faf76c"",""quan"
api/book-sales,GET,App\Modules\Inventory\Http\Controllers\BookController@sales,"api,Illuminate\Auth\Middleware\Authenticate:sanctum,App\Http\Middleware\ApiVersioning,App\Http\Middleware\ApiRateLimiter:default",False,limited,never 5xx,200,PASS,"GET /api/book-sales -> 200 [{""id"":""46261c40-49b4-4e4b-a34b-7a3be53bc149"",""book_id"":""2835bfc1-0f5e-413d-b642-13d762faf76c"",""quan"
api/book-sales/{saleId}/refund,POST,App\Modules\Inventory\Http\Controllers\BookController@refund,"api,Illuminate\Auth\Middleware\Authenticate:sanctum,App\Http\Middleware\ApiVersioning,App\Http\Middleware\ApiRateLimiter:default",False,noauth,401,401,PASS,"POST /api/book-sales/46261c40-49b4-4e4b-a34b-7a3be53bc149/refund -> 401 {""message"":""Unauthenticated.""}"
api/book-sales/{saleId}/refund,POST,App\Modules\Inventory\Http\Controllers\BookController@refund,"api,Illuminate\Auth\Middleware\Authenticate:sanctum,App\Http\Middleware\ApiVersioning,App\Http\Middleware\ApiRateLimiter:default",False,badauth,401,401,PASS,"POST /api/book-sales/46261c40-49b4-4e4b-a34b-7a3be53bc149/refund -> 401 {""message"":""Unauthenticated.""}"
api/book-sales/{saleId}/refund,POST,App\Modules\Inventory\Http\Controllers\BookController@refund,"api,Illuminate\Auth\Middleware\Authenticate:sanctum,App\Http\Middleware\ApiVersioning,App\Http\Middleware\ApiRateLimiter:default",False,admin,never 5xx,409,PASS,"POST /api/book-sales/46261c40-49b4-4e4b-a34b-7a3be53bc149/refund -> 409 {""message"":""Sale already refunded""}"
api/book-sales/{saleId}/refund,POST,App\Modules\Inventory\Http\Controllers\BookController@refund,"api,Illuminate\Auth\Middleware\Authenticate:sanctum,App\Http\Middleware\ApiVersioning,App\Http\Middleware\ApiRateLimiter:default",False,limited,never 5xx,409,PASS,"POST /api/book-sales/46261c40-49b4-4e4b-a34b-7a3be53bc149/refund -> 409 {""message"":""Sale already refunded""}"
api/books,GET,App\Modules\Inventory\Http\Controllers\BookController@index,"api,Illuminate\Auth\Middleware\Authenticate:sanctum,App\Http\Middleware\ApiVersioning,App\Http\Middleware\ApiRateLimiter:default",False,noauth,401,401,PASS,"GET /api/books -> 401 {""message"":""Unauthenticated.""}"
api/books,GET,App\Modules\Inventory\Http\Controllers\BookController@index,"api,Illuminate\Auth\Middleware\Authenticate:sanctum,App\Http\Middleware\ApiVersioning,App\Http\Middleware\ApiRateLimiter:default",False,badauth,401,401,PASS,"GET /api/books -> 401 {""message"":""Unauthenticated.""}"
api/books,GET,App\Modules\Inventory\Http\Controllers\BookController@index,"api,Illuminate\Auth\Middleware\Authenticate:sanctum,App\Http\Middleware\ApiVersioning,App\Http\Middleware\ApiRateLimiter:default",False,admin,never 5xx,200,PASS,"GET /api/books -> 200 [{""id"":""aee7d162-88a4-4db1-bc69-4ada82787bac"",""title"":""Barron's TOEFL iBT"",""price"":1200,""purchase_pr"
api/books,GET,App\Modules\Inventory\Http\Controllers\BookController@index,"api,Illuminate\Auth\Middleware\Authenticate:sanctum,App\Http\Middleware\ApiVersioning,App\Http\Middleware\ApiRateLimiter:default",False,limited,never 5xx,200,PASS,"GET /api/books -> 200 [{""id"":""aee7d162-88a4-4db1-bc69-4ada82787bac"",""title"":""Barron's TOEFL iBT"",""price"":1200,""purchase_pr"
api/books,POST,App\Modules\Inventory\Http\Controllers\BookController@store,"api,Illuminate\Auth\Middleware\Authenticate:sanctum,App\Http\Middleware\ApiVersioning,App\Http\Middleware\ApiRateLimiter:default",False,noauth,401,401,PASS,"POST /api/books -> 401 {""message"":""Unauthenticated.""}"
api/books,POST,App\Modules\Inventory\Http\Controllers\BookController@store,"api,Illuminate\Auth\Middleware\Authenticate:sanctum,App\Http\Middleware\ApiVersioning,App\Http\Middleware\ApiRateLimiter:default",False,badauth,401,401,PASS,"POST /api/books -> 401 {""message"":""Unauthenticated.""}"
api/books,POST,App\Modules\Inventory\Http\Controllers\BookController@store,"api,Illuminate\Auth\Middleware\Authenticate:sanctum,App\Http\Middleware\ApiVersioning,App\Http\Middleware\ApiRateLimiter:default",False,admin,never 5xx,422,PASS,"POST /api/books -> 422 {""message"":""The title field is required. (and 2 more errors)"",""errors"":{""title"":[""The title field is"
api/books,POST,App\Modules\Inventory\Http\Controllers\BookController@store,"api,Illuminate\Auth\Middleware\Authenticate:sanctum,App\Http\Middleware\ApiVersioning,App\Http\Middleware\ApiRateLimiter:default",False,limited,never 5xx,422,PASS,"POST /api/books -> 422 {""message"":""The title field is required. (and 2 more errors)"",""errors"":{""title"":[""The title field is"
api/books/{id}/restock,POST,App\Modules\Inventory\Http\Controllers\BookController@restock,"api,Illuminate\Auth\Middleware\Authenticate:sanctum,App\Http\Middleware\ApiVersioning,App\Http\Middleware\ApiRateLimiter:default",False,noauth,401,401,PASS,"POST /api/books/2835bfc1-0f5e-413d-b642-13d762faf76c/restock -> 401 {""message"":""Unauthenticated.""}"
api/books/{id}/restock,POST,App\Modules\Inventory\Http\Controllers\BookController@restock,"api,Illuminate\Auth\Middleware\Authenticate:sanctum,App\Http\Middleware\ApiVersioning,App\Http\Middleware\ApiRateLimiter:default",False,badauth,401,401,PASS,"POST /api/books/2835bfc1-0f5e-413d-b642-13d762faf76c/restock -> 401 {""message"":""Unauthenticated.""}"
api/books/{id}/restock,POST,App\Modules\Inventory\Http\Controllers\BookController@restock,"api,Illuminate\Auth\Middleware\Authenticate:sanctum,App\Http\Middleware\ApiVersioning,App\Http\Middleware\ApiRateLimiter:default",False,admin,never 5xx,422,PASS,"POST /api/books/2835bfc1-0f5e-413d-b642-13d762faf76c/restock -> 422 {""message"":""The quantity field is required."",""errors"":{""quantity"":[""The quantity field is required."""
api/books/{id}/restock,POST,App\Modules\Inventory\Http\Controllers\BookController@restock,"api,Illuminate\Auth\Middleware\Authenticate:sanctum,App\Http\Middleware\ApiVersioning,App\Http\Middleware\ApiRateLimiter:default",False,limited,never 5xx,422,PASS,"POST /api/books/2835bfc1-0f5e-413d-b642-13d762faf76c/restock -> 422 {""message"":""The quantity field is required."",""errors"":{""quantity"":[""The quantity field is required."""
api/books/{id}/sell,POST,App\Modules\Inventory\Http\Controllers\BookController@sell,"api,Illuminate\Auth\Middleware\Authenticate:sanctum,App\Http\Middleware\ApiVersioning,App\Http\Middleware\ApiRateLimiter:default",False,noauth,401,401,PASS,"POST /api/books/2835bfc1-0f5e-413d-b642-13d762faf76c/sell -> 401 {""message"":""Unauthenticated.""}"
api/books/{id}/sell,POST,App\Modules\Inventory\Http\Controllers\BookController@sell,"api,Illuminate\Auth\Middleware\Authenticate:sanctum,App\Http\Middleware\ApiVersioning,App\Http\Middleware\ApiRateLimiter:default",False,badauth,401,401,PASS,"POST /api/books/2835bfc1-0f5e-413d-b642-13d762faf76c/sell -> 401 {""message"":""Unauthenticated.""}"
api/books/{id}/sell,POST,App\Modules\Inventory\Http\Controllers\BookController@sell,"api,Illuminate\Auth\Middleware\Authenticate:sanctum,App\Http\Middleware\ApiVersioning,App\Http\Middleware\ApiRateLimiter:default",False,admin,never 5xx,422,PASS,"POST /api/books/2835bfc1-0f5e-413d-b642-13d762faf76c/sell -> 422 {""message"":""The quantity field is required. (and 1 more error)"",""errors"":{""quantity"":[""The quantity "
api/books/{id}/sell,POST,App\Modules\Inventory\Http\Controllers\BookController@sell,"api,Illuminate\Auth\Middleware\Authenticate:sanctum,App\Http\Middleware\ApiVersioning,App\Http\Middleware\ApiRateLimiter:default",False,limited,never 5xx,422,PASS,"POST /api/books/2835bfc1-0f5e-413d-b642-13d762faf76c/sell -> 422 {""message"":""The quantity field is required. (and 1 more error)"",""errors"":{""quantity"":[""The quantity "
api/branches,GET,App\Modules\Iam\Http\Controllers\BranchController@index,"api,Illuminate\Auth\Middleware\Authenticate:sanctum,App\Http\Middleware\ApiVersioning,App\Http\Middleware\ApiRateLimiter:default",False,noauth,401,401,PASS,"GET /api/branches -> 401 {""message"":""Unauthenticated.""}"
api/branches,GET,App\Modules\Iam\Http\Controllers\BranchController@index,"api,Illuminate\Auth\Middleware\Authenticate:sanctum,App\Http\Middleware\ApiVersioning,App\Http\Middleware\ApiRateLimiter:default",False,badauth,401,401,PASS,"GET /api/branches -> 401 {""message"":""Unauthenticated.""}"
api/branches,GET,App\Modules\Iam\Http\Controllers\BranchController@index,"api,Illuminate\Auth\Middleware\Authenticate:sanctum,App\Http\Middleware\ApiVersioning,App\Http\Middleware\ApiRateLimiter:default",False,admin,never 5xx,200,PASS,"GET /api/branches -> 200 [{""id"":""5313e265-a15d-4355-a7e5-b825b1102241"",""campus_id"":""1d37d95e-2f5c-49cc-835e-5f64a9ddcc7f"",""na"
api/branches,GET,App\Modules\Iam\Http\Controllers\BranchController@index,"api,Illuminate\Auth\Middleware\Authenticate:sanctum,App\Http\Middleware\ApiVersioning,App\Http\Middleware\ApiRateLimiter:default",False,limited,never 5xx,200,PASS,"GET /api/branches -> 200 [{""id"":""5313e265-a15d-4355-a7e5-b825b1102241"",""campus_id"":""1d37d95e-2f5c-49cc-835e-5f64a9ddcc7f"",""na"
api/branches,POST,App\Modules\Iam\Http\Controllers\BranchController@store,"api,Illuminate\Auth\Middleware\Authenticate:sanctum,App\Http\Middleware\ApiVersioning,App\Http\Middleware\ApiRateLimiter:default",False,noauth,401,401,PASS,"POST /api/branches -> 401 {""message"":""Unauthenticated.""}"
api/branches,POST,App\Modules\Iam\Http\Controllers\BranchController@store,"api,Illuminate\Auth\Middleware\Authenticate:sanctum,App\Http\Middleware\ApiVersioning,App\Http\Middleware\ApiRateLimiter:default",False,badauth,401,401,PASS,"POST /api/branches -> 401 {""message"":""Unauthenticated.""}"
api/branches,POST,App\Modules\Iam\Http\Controllers\BranchController@store,"api,Illuminate\Auth\Middleware\Authenticate:sanctum,App\Http\Middleware\ApiVersioning,App\Http\Middleware\ApiRateLimiter:default",False,admin,never 5xx,422,PASS,"POST /api/branches -> 422 {""message"":""The name field is required. (and 1 more error)"",""errors"":{""name"":[""The name field is req"
api/branches,POST,App\Modules\Iam\Http\Controllers\BranchController@store,"api,Illuminate\Auth\Middleware\Authenticate:sanctum,App\Http\Middleware\ApiVersioning,App\Http\Middleware\ApiRateLimiter:default",False,limited,never 5xx,422,PASS,"POST /api/branches -> 422 {""message"":""The name field is required. (and 1 more error)"",""errors"":{""name"":[""The name field is req"
api/branches/{id},GET,App\Modules\Iam\Http\Controllers\BranchController@show,"api,Illuminate\Auth\Middleware\Authenticate:sanctum,App\Http\Middleware\ApiVersioning,App\Http\Middleware\ApiRateLimiter:default",False,noauth,401,401,PASS,"GET /api/branches/1fe42de5-cf76-48bc-be48-e9f79e7ba882 -> 401 {""message"":""Unauthenticated.""}"
api/branches/{id},GET,App\Modules\Iam\Http\Controllers\BranchController@show,"api,Illuminate\Auth\Middleware\Authenticate:sanctum,App\Http\Middleware\ApiVersioning,App\Http\Middleware\ApiRateLimiter:default",False,badauth,401,401,PASS,"GET /api/branches/1fe42de5-cf76-48bc-be48-e9f79e7ba882 -> 401 {""message"":""Unauthenticated.""}"
api/branches/{id},GET,App\Modules\Iam\Http\Controllers\BranchController@show,"api,Illuminate\Auth\Middleware\Authenticate:sanctum,App\Http\Middleware\ApiVersioning,App\Http\Middleware\ApiRateLimiter:default",False,admin,never 5xx,200,PASS,"GET /api/branches/1fe42de5-cf76-48bc-be48-e9f79e7ba882 -> 200 {""id"":""1fe42de5-cf76-48bc-be48-e9f79e7ba882"",""campus_id"":""1d37d95e-2f5c-49cc-835e-5f64a9ddcc7f"",""nam"
api/branches/{id},GET,App\Modules\Iam\Http\Controllers\BranchController@show,"api,Illuminate\Auth\Middleware\Authenticate:sanctum,App\Http\Middleware\ApiVersioning,App\Http\Middleware\ApiRateLimiter:default",False,limited,never 5xx,403,WARN,"GET /api/branches/1fe42de5-cf76-48bc-be48-e9f79e7ba882 -> 403 {""message"":""Forbidden""}"
api/branches/{id},PATCH,App\Modules\Iam\Http\Controllers\BranchController@update,"api,Illuminate\Auth\Middleware\Authenticate:sanctum,App\Http\Middleware\ApiVersioning,App\Http\Middleware\ApiRateLimiter:default",False,noauth,401,401,PASS,"PATCH /api/branches/1fe42de5-cf76-48bc-be48-e9f79e7ba882 -> 401 {""message"":""Unauthenticated.""}"
api/branches/{id},PATCH,App\Modules\Iam\Http\Controllers\BranchController@update,"api,Illuminate\Auth\Middleware\Authenticate:sanctum,App\Http\Middleware\ApiVersioning,App\Http\Middleware\ApiRateLimiter:default",False,badauth,401,401,PASS,"PATCH /api/branches/1fe42de5-cf76-48bc-be48-e9f79e7ba882 -> 401 {""message"":""Unauthenticated.""}"
api/branches/{id},PATCH,App\Modules\Iam\Http\Controllers\BranchController@update,"api,Illuminate\Auth\Middleware\Authenticate:sanctum,App\Http\Middleware\ApiVersioning,App\Http\Middleware\ApiRateLimiter:default",False,admin,never 5xx,200,PASS,"PATCH /api/branches/1fe42de5-cf76-48bc-be48-e9f79e7ba882 -> 200 {""id"":""1fe42de5-cf76-48bc-be48-e9f79e7ba882"",""campus_id"":""1d37d95e-2f5c-49cc-835e-5f64a9ddcc7f"",""nam"
api/branches/{id},PATCH,App\Modules\Iam\Http\Controllers\BranchController@update,"api,Illuminate\Auth\Middleware\Authenticate:sanctum,App\Http\Middleware\ApiVersioning,App\Http\Middleware\ApiRateLimiter:default",False,limited,never 5xx,403,PASS,"PATCH /api/branches/1fe42de5-cf76-48bc-be48-e9f79e7ba882 -> 403 {""message"":""Forbidden""}"
api/branches/{id},DELETE,App\Modules\Iam\Http\Controllers\BranchController@destroy,"api,Illuminate\Auth\Middleware\Authenticate:sanctum,App\Http\Middleware\ApiVersioning,App\Http\Middleware\ApiRateLimiter:default",False,noauth,401,401,PASS,"DELETE /api/branches/d63a981e-8d6a-4b9d-b187-f342f563e25e -> 401 {""message"":""Unauthenticated.""}"
api/branches/{id},DELETE,App\Modules\Iam\Http\Controllers\BranchController@destroy,"api,Illuminate\Auth\Middleware\Authenticate:sanctum,App\Http\Middleware\ApiVersioning,App\Http\Middleware\ApiRateLimiter:default",False,badauth,401,401,PASS,"DELETE /api/branches/3c6e91cb-fba5-4277-a908-7abf084eb36c -> 401 {""message"":""Unauthenticated.""}"
api/branches/{id},DELETE,App\Modules\Iam\Http\Controllers\BranchController@destroy,"api,Illuminate\Auth\Middleware\Authenticate:sanctum,App\Http\Middleware\ApiVersioning,App\Http\Middleware\ApiRateLimiter:default",False,admin,never 5xx,404,PASS,"DELETE /api/branches/b363e1c1-0408-48c1-a818-217cbcacd3ee -> 404 {
    ""message"": ""No query results for model [App\\Modules\\Iam\\Models\\Branch] b363e1c1-0408-48c1-"
api/branches/{id},DELETE,App\Modules\Iam\Http\Controllers\BranchController@destroy,"api,Illuminate\Auth\Middleware\Authenticate:sanctum,App\Http\Middleware\ApiVersioning,App\Http\Middleware\ApiRateLimiter:default",False,limited,never 5xx,403,PASS,"DELETE /api/branches/4e61458f-24da-4c7c-ae32-393f077e54f1 -> 403 {""message"":""Forbidden""}"
api/budget-lines,GET,App\Modules\FinancePayroll\Http\Controllers\BudgetController@index,"api,Illuminate\Auth\Middleware\Authenticate:sanctum,App\Http\Middleware\ApiVersioning,App\Http\Middleware\ApiRateLimiter:default",False,noauth,401,401,PASS,"GET /api/budget-lines -> 401 {""message"":""Unauthenticated.""}"
api/budget-lines,GET,App\Modules\FinancePayroll\Http\Controllers\BudgetController@index,"api,Illuminate\Auth\Middleware\Authenticate:sanctum,App\Http\Middleware\ApiVersioning,App\Http\Middleware\ApiRateLimiter:default",False,badauth,401,401,PASS,"GET /api/budget-lines -> 401 {""message"":""Unauthenticated.""}"
api/budget-lines,GET,App\Modules\FinancePayroll\Http\Controllers\BudgetController@index,"api,Illuminate\Auth\Middleware\Authenticate:sanctum,App\Http\Middleware\ApiVersioning,App\Http\Middleware\ApiRateLimiter:default",False,admin,never 5xx,200,PASS,"GET /api/budget-lines -> 200 [{""id"":""8455fe12-9648-4f94-9241-35459c251608"",""name"":""Marketing"",""current_amount"":8500,""allocated_am"
api/budget-lines,GET,App\Modules\FinancePayroll\Http\Controllers\BudgetController@index,"api,Illuminate\Auth\Middleware\Authenticate:sanctum,App\Http\Middleware\ApiVersioning,App\Http\Middleware\ApiRateLimiter:default",False,limited,never 5xx,200,PASS,"GET /api/budget-lines -> 200 [{""id"":""8455fe12-9648-4f94-9241-35459c251608"",""name"":""Marketing"",""current_amount"":8500,""allocated_am"
api/budget-lines,POST,App\Modules\FinancePayroll\Http\Controllers\BudgetController@store,"api,Illuminate\Auth\Middleware\Authenticate:sanctum,App\Http\Middleware\ApiVersioning,App\Http\Middleware\ApiRateLimiter:default",False,noauth,401,401,PASS,"POST /api/budget-lines -> 401 {""message"":""Unauthenticated.""}"
api/budget-lines,POST,App\Modules\FinancePayroll\Http\Controllers\BudgetController@store,"api,Illuminate\Auth\Middleware\Authenticate:sanctum,App\Http\Middleware\ApiVersioning,App\Http\Middleware\ApiRateLimiter:default",False,badauth,401,401,PASS,"POST /api/budget-lines -> 401 {""message"":""Unauthenticated.""}"
api/budget-lines,POST,App\Modules\FinancePayroll\Http\Controllers\BudgetController@store,"api,Illuminate\Auth\Middleware\Authenticate:sanctum,App\Http\Middleware\ApiVersioning,App\Http\Middleware\ApiRateLimiter:default",False,admin,never 5xx,422,PASS,"POST /api/budget-lines -> 422 {""message"":""The name field is required. (and 3 more errors)"",""errors"":{""name"":[""The name field is re"
api/budget-lines,POST,App\Modules\FinancePayroll\Http\Controllers\BudgetController@store,"api,Illuminate\Auth\Middleware\Authenticate:sanctum,App\Http\Middleware\ApiVersioning,App\Http\Middleware\ApiRateLimiter:default",False,limited,never 5xx,422,PASS,"POST /api/budget-lines -> 422 {""message"":""The name field is required. (and 3 more errors)"",""errors"":{""name"":[""The name field is re"
api/budget-lines/{id},PATCH,App\Modules\FinancePayroll\Http\Controllers\BudgetController@update,"api,Illuminate\Auth\Middleware\Authenticate:sanctum,App\Http\Middleware\ApiVersioning,App\Http\Middleware\ApiRateLimiter:default",False,noauth,401,401,PASS,"PATCH /api/budget-lines/0d7c9903-efbc-4b0b-8200-b3776f757ae1 -> 401 {""message"":""Unauthenticated.""}"
api/budget-lines/{id},PATCH,App\Modules\FinancePayroll\Http\Controllers\BudgetController@update,"api,Illuminate\Auth\Middleware\Authenticate:sanctum,App\Http\Middleware\ApiVersioning,App\Http\Middleware\ApiRateLimiter:default",False,badauth,401,401,PASS,"PATCH /api/budget-lines/0d7c9903-efbc-4b0b-8200-b3776f757ae1 -> 401 {""message"":""Unauthenticated.""}"
api/budget-lines/{id},PATCH,App\Modules\FinancePayroll\Http\Controllers\BudgetController@update,"api,Illuminate\Auth\Middleware\Authenticate:sanctum,App\Http\Middleware\ApiVersioning,App\Http\Middleware\ApiRateLimiter:default",False,admin,never 5xx,200,PASS,"PATCH /api/budget-lines/0d7c9903-efbc-4b0b-8200-b3776f757ae1 -> 200 {""id"":""0d7c9903-efbc-4b0b-8200-b3776f757ae1"",""name"":""Office Rent"",""current_amount"":50000,""allocated_"
api/budget-lines/{id},PATCH,App\Modules\FinancePayroll\Http\Controllers\BudgetController@update,"api,Illuminate\Auth\Middleware\Authenticate:sanctum,App\Http\Middleware\ApiVersioning,App\Http\Middleware\ApiRateLimiter:default",False,limited,never 5xx,200,PASS,"PATCH /api/budget-lines/0d7c9903-efbc-4b0b-8200-b3776f757ae1 -> 200 {""id"":""0d7c9903-efbc-4b0b-8200-b3776f757ae1"",""name"":""Office Rent"",""current_amount"":50000,""allocated_"
api/budget/overview,GET,App\Modules\FinancePayroll\Http\Controllers\BudgetController@overview,"api,Illuminate\Auth\Middleware\Authenticate:sanctum,App\Http\Middleware\ApiVersioning,App\Http\Middleware\ApiRateLimiter:default",False,noauth,401,401,PASS,"GET /api/budget/overview -> 401 {""message"":""Unauthenticated.""}"
api/budget/overview,GET,App\Modules\FinancePayroll\Http\Controllers\BudgetController@overview,"api,Illuminate\Auth\Middleware\Authenticate:sanctum,App\Http\Middleware\ApiVersioning,App\Http\Middleware\ApiRateLimiter:default",False,badauth,401,401,PASS,"GET /api/budget/overview -> 401 {""message"":""Unauthenticated.""}"
api/budget/overview,GET,App\Modules\FinancePayroll\Http\Controllers\BudgetController@overview,"api,Illuminate\Auth\Middleware\Authenticate:sanctum,App\Http\Middleware\ApiVersioning,App\Http\Middleware\ApiRateLimiter:default",False,admin,never 5xx,200,PASS,"GET /api/budget/overview -> 200 {""total_allocated"":295000,""total_spent"":222700,""remaining"":72300,""utilization_percent"":75.5,""reserve"
api/budget/overview,GET,App\Modules\FinancePayroll\Http\Controllers\BudgetController@overview,"api,Illuminate\Auth\Middleware\Authenticate:sanctum,App\Http\Middleware\ApiVersioning,App\Http\Middleware\ApiRateLimiter:default",False,limited,never 5xx,200,PASS,"GET /api/budget/overview -> 200 {""total_allocated"":295000,""total_spent"":222700,""remaining"":72300,""utilization_percent"":75.5,""reserve"
api/campaigns,GET,App\Modules\CrmEnrollment\Http\Controllers\CampaignController@index,"api,Illuminate\Auth\Middleware\Authenticate:sanctum,App\Http\Middleware\ApiVersioning,App\Http\Middleware\ApiRateLimiter:default",False,noauth,401,401,PASS,"GET /api/campaigns -> 401 {""message"":""Unauthenticated.""}"
api/campaigns,GET,App\Modules\CrmEnrollment\Http\Controllers\CampaignController@index,"api,Illuminate\Auth\Middleware\Authenticate:sanctum,App\Http\Middleware\ApiVersioning,App\Http\Middleware\ApiRateLimiter:default",False,badauth,401,401,PASS,"GET /api/campaigns -> 401 {""message"":""Unauthenticated.""}"
api/campaigns,GET,App\Modules\CrmEnrollment\Http\Controllers\CampaignController@index,"api,Illuminate\Auth\Middleware\Authenticate:sanctum,App\Http\Middleware\ApiVersioning,App\Http\Middleware\ApiRateLimiter:default",False,admin,never 5xx,200,PASS,GET /api/campaigns -> 200 []
api/campaigns,GET,App\Modules\CrmEnrollment\Http\Controllers\CampaignController@index,"api,Illuminate\Auth\Middleware\Authenticate:sanctum,App\Http\Middleware\ApiVersioning,App\Http\Middleware\ApiRateLimiter:default",False,limited,never 5xx,200,PASS,GET /api/campaigns -> 200 []
api/campaigns,POST,App\Modules\CrmEnrollment\Http\Controllers\CampaignController@store,"api,Illuminate\Auth\Middleware\Authenticate:sanctum,App\Http\Middleware\ApiVersioning,App\Http\Middleware\ApiRateLimiter:default",False,noauth,401,401,PASS,"POST /api/campaigns -> 401 {""message"":""Unauthenticated.""}"
api/campaigns,POST,App\Modules\CrmEnrollment\Http\Controllers\CampaignController@store,"api,Illuminate\Auth\Middleware\Authenticate:sanctum,App\Http\Middleware\ApiVersioning,App\Http\Middleware\ApiRateLimiter:default",False,badauth,401,401,PASS,"POST /api/campaigns -> 401 {""message"":""Unauthenticated.""}"
api/campaigns,POST,App\Modules\CrmEnrollment\Http\Controllers\CampaignController@store,"api,Illuminate\Auth\Middleware\Authenticate:sanctum,App\Http\Middleware\ApiVersioning,App\Http\Middleware\ApiRateLimiter:default",False,admin,never 5xx,422,PASS,"POST /api/campaigns -> 422 {""message"":""The name field is required. (and 3 more errors)"",""errors"":{""name"":[""The name field is re"
api/campaigns,POST,App\Modules\CrmEnrollment\Http\Controllers\CampaignController@store,"api,Illuminate\Auth\Middleware\Authenticate:sanctum,App\Http\Middleware\ApiVersioning,App\Http\Middleware\ApiRateLimiter:default",False,limited,never 5xx,422,PASS,"POST /api/campaigns -> 422 {""message"":""The name field is required. (and 3 more errors)"",""errors"":{""name"":[""The name field is re"
api/campaigns/{id},PATCH,App\Modules\CrmEnrollment\Http\Controllers\CampaignController@update,"api,Illuminate\Auth\Middleware\Authenticate:sanctum,App\Http\Middleware\ApiVersioning,App\Http\Middleware\ApiRateLimiter:default",False,noauth,401,401,PASS,"PATCH /api/campaigns/1a8fa77c-cc57-432c-98c7-aba36d61070c -> 401 {""message"":""Unauthenticated.""}"
api/campaigns/{id},PATCH,App\Modules\CrmEnrollment\Http\Controllers\CampaignController@update,"api,Illuminate\Auth\Middleware\Authenticate:sanctum,App\Http\Middleware\ApiVersioning,App\Http\Middleware\ApiRateLimiter:default",False,badauth,401,401,PASS,"PATCH /api/campaigns/1a8fa77c-cc57-432c-98c7-aba36d61070c -> 401 {""message"":""Unauthenticated.""}"
api/campaigns/{id},PATCH,App\Modules\CrmEnrollment\Http\Controllers\CampaignController@update,"api,Illuminate\Auth\Middleware\Authenticate:sanctum,App\Http\Middleware\ApiVersioning,App\Http\Middleware\ApiRateLimiter:default",False,admin,never 5xx,200,PASS,PATCH /api/campaigns/1a8fa77c-cc57-432c-98c7-aba36d61070c -> 200 {}
api/campaigns/{id},PATCH,App\Modules\CrmEnrollment\Http\Controllers\CampaignController@update,"api,Illuminate\Auth\Middleware\Authenticate:sanctum,App\Http\Middleware\ApiVersioning,App\Http\Middleware\ApiRateLimiter:default",False,limited,never 5xx,200,PASS,PATCH /api/campaigns/1a8fa77c-cc57-432c-98c7-aba36d61070c -> 200 {}
api/campuses,GET,App\Modules\Iam\Http\Controllers\CampusController@index,"api,Illuminate\Auth\Middleware\Authenticate:sanctum,App\Http\Middleware\ApiVersioning,App\Http\Middleware\ApiRateLimiter:default",False,noauth,401,401,PASS,"GET /api/campuses -> 401 {""message"":""Unauthenticated.""}"
api/campuses,GET,App\Modules\Iam\Http\Controllers\CampusController@index,"api,Illuminate\Auth\Middleware\Authenticate:sanctum,App\Http\Middleware\ApiVersioning,App\Http\Middleware\ApiRateLimiter:default",False,badauth,401,401,PASS,"GET /api/campuses -> 401 {""message"":""Unauthenticated.""}"
api/campuses,GET,App\Modules\Iam\Http\Controllers\CampusController@index,"api,Illuminate\Auth\Middleware\Authenticate:sanctum,App\Http\Middleware\ApiVersioning,App\Http\Middleware\ApiRateLimiter:default",False,admin,never 5xx,200,PASS,"GET /api/campuses -> 200 [{""id"":""1d37d95e-2f5c-49cc-835e-5f64a9ddcc7f"",""organization_id"":""01863589-8f94-4527-9fbe-4feb82d6aca"
api/campuses,GET,App\Modules\Iam\Http\Controllers\CampusController@index,"api,Illuminate\Auth\Middleware\Authenticate:sanctum,App\Http\Middleware\ApiVersioning,App\Http\Middleware\ApiRateLimiter:default",False,limited,never 5xx,200,PASS,"GET /api/campuses -> 200 [{""id"":""1d37d95e-2f5c-49cc-835e-5f64a9ddcc7f"",""organization_id"":""01863589-8f94-4527-9fbe-4feb82d6aca"
api/campuses,POST,App\Modules\Iam\Http\Controllers\CampusController@store,"api,Illuminate\Auth\Middleware\Authenticate:sanctum,App\Http\Middleware\ApiVersioning,App\Http\Middleware\ApiRateLimiter:default",False,noauth,401,401,PASS,"POST /api/campuses -> 401 {""message"":""Unauthenticated.""}"
api/campuses,POST,App\Modules\Iam\Http\Controllers\CampusController@store,"api,Illuminate\Auth\Middleware\Authenticate:sanctum,App\Http\Middleware\ApiVersioning,App\Http\Middleware\ApiRateLimiter:default",False,badauth,401,401,PASS,"POST /api/campuses -> 401 {""message"":""Unauthenticated.""}"
api/campuses,POST,App\Modules\Iam\Http\Controllers\CampusController@store,"api,Illuminate\Auth\Middleware\Authenticate:sanctum,App\Http\Middleware\ApiVersioning,App\Http\Middleware\ApiRateLimiter:default",False,admin,never 5xx,422,PASS,"POST /api/campuses -> 422 {""message"":""The organization id field is required. (and 2 more errors)"",""errors"":{""organization_id"":"
api/campuses,POST,App\Modules\Iam\Http\Controllers\CampusController@store,"api,Illuminate\Auth\Middleware\Authenticate:sanctum,App\Http\Middleware\ApiVersioning,App\Http\Middleware\ApiRateLimiter:default",False,limited,never 5xx,422,PASS,"POST /api/campuses -> 422 {""message"":""The organization id field is required. (and 2 more errors)"",""errors"":{""organization_id"":"
api/campuses/{id},GET,App\Modules\Iam\Http\Controllers\CampusController@show,"api,Illuminate\Auth\Middleware\Authenticate:sanctum,App\Http\Middleware\ApiVersioning,App\Http\Middleware\ApiRateLimiter:default",False,noauth,401,401,PASS,"GET /api/campuses/1d37d95e-2f5c-49cc-835e-5f64a9ddcc7f -> 401 {""message"":""Unauthenticated.""}"
api/campuses/{id},GET,App\Modules\Iam\Http\Controllers\CampusController@show,"api,Illuminate\Auth\Middleware\Authenticate:sanctum,App\Http\Middleware\ApiVersioning,App\Http\Middleware\ApiRateLimiter:default",False,badauth,401,401,PASS,"GET /api/campuses/1d37d95e-2f5c-49cc-835e-5f64a9ddcc7f -> 401 {""message"":""Unauthenticated.""}"
api/campuses/{id},GET,App\Modules\Iam\Http\Controllers\CampusController@show,"api,Illuminate\Auth\Middleware\Authenticate:sanctum,App\Http\Middleware\ApiVersioning,App\Http\Middleware\ApiRateLimiter:default",False,admin,never 5xx,200,PASS,"GET /api/campuses/1d37d95e-2f5c-49cc-835e-5f64a9ddcc7f -> 200 {""id"":""1d37d95e-2f5c-49cc-835e-5f64a9ddcc7f"",""organization_id"":""01863589-8f94-4527-9fbe-4feb82d6aca3"
api/campuses/{id},GET,App\Modules\Iam\Http\Controllers\CampusController@show,"api,Illuminate\Auth\Middleware\Authenticate:sanctum,App\Http\Middleware\ApiVersioning,App\Http\Middleware\ApiRateLimiter:default",False,limited,never 5xx,200,PASS,"GET /api/campuses/1d37d95e-2f5c-49cc-835e-5f64a9ddcc7f -> 200 {""id"":""1d37d95e-2f5c-49cc-835e-5f64a9ddcc7f"",""organization_id"":""01863589-8f94-4527-9fbe-4feb82d6aca3"
api/campuses/{id},PATCH,App\Modules\Iam\Http\Controllers\CampusController@update,"api,Illuminate\Auth\Middleware\Authenticate:sanctum,App\Http\Middleware\ApiVersioning,App\Http\Middleware\ApiRateLimiter:default",False,noauth,401,401,PASS,"PATCH /api/campuses/1d37d95e-2f5c-49cc-835e-5f64a9ddcc7f -> 401 {""message"":""Unauthenticated.""}"
api/campuses/{id},PATCH,App\Modules\Iam\Http\Controllers\CampusController@update,"api,Illuminate\Auth\Middleware\Authenticate:sanctum,App\Http\Middleware\ApiVersioning,App\Http\Middleware\ApiRateLimiter:default",False,badauth,401,401,PASS,"PATCH /api/campuses/1d37d95e-2f5c-49cc-835e-5f64a9ddcc7f -> 401 {""message"":""Unauthenticated.""}"
api/campuses/{id},PATCH,App\Modules\Iam\Http\Controllers\CampusController@update,"api,Illuminate\Auth\Middleware\Authenticate:sanctum,App\Http\Middleware\ApiVersioning,App\Http\Middleware\ApiRateLimiter:default",False,admin,never 5xx,200,PASS,"PATCH /api/campuses/1d37d95e-2f5c-49cc-835e-5f64a9ddcc7f -> 200 {""id"":""1d37d95e-2f5c-49cc-835e-5f64a9ddcc7f"",""organization_id"":""01863589-8f94-4527-9fbe-4feb82d6aca3"
api/campuses/{id},PATCH,App\Modules\Iam\Http\Controllers\CampusController@update,"api,Illuminate\Auth\Middleware\Authenticate:sanctum,App\Http\Middleware\ApiVersioning,App\Http\Middleware\ApiRateLimiter:default",False,limited,never 5xx,200,PASS,"PATCH /api/campuses/1d37d95e-2f5c-49cc-835e-5f64a9ddcc7f -> 200 {""id"":""1d37d95e-2f5c-49cc-835e-5f64a9ddcc7f"",""organization_id"":""01863589-8f94-4527-9fbe-4feb82d6aca3"
api/campuses/{id},DELETE,App\Modules\Iam\Http\Controllers\CampusController@destroy,"api,Illuminate\Auth\Middleware\Authenticate:sanctum,App\Http\Middleware\ApiVersioning,App\Http\Middleware\ApiRateLimiter:default",False,noauth,401,401,PASS,"DELETE /api/campuses/f73ddfad-1e51-474e-8372-2c791225bb89 -> 401 {""message"":""Unauthenticated.""}"
api/campuses/{id},DELETE,App\Modules\Iam\Http\Controllers\CampusController@destroy,"api,Illuminate\Auth\Middleware\Authenticate:sanctum,App\Http\Middleware\ApiVersioning,App\Http\Middleware\ApiRateLimiter:default",False,badauth,401,401,PASS,"DELETE /api/campuses/06d6fcbf-2e3b-4dd9-b84a-741eca8654b1 -> 401 {""message"":""Unauthenticated.""}"
api/campuses/{id},DELETE,App\Modules\Iam\Http\Controllers\CampusController@destroy,"api,Illuminate\Auth\Middleware\Authenticate:sanctum,App\Http\Middleware\ApiVersioning,App\Http\Middleware\ApiRateLimiter:default",False,admin,never 5xx,404,PASS,"DELETE /api/campuses/4985737c-7b49-4990-8d61-524dac7ff82e -> 404 {
    ""message"": ""No query results for model [App\\Modules\\Iam\\Models\\Campus] 4985737c-7b49-4990-"
api/campuses/{id},DELETE,App\Modules\Iam\Http\Controllers\CampusController@destroy,"api,Illuminate\Auth\Middleware\Authenticate:sanctum,App\Http\Middleware\ApiVersioning,App\Http\Middleware\ApiRateLimiter:default",False,limited,never 5xx,404,PASS,"DELETE /api/campuses/f0c10789-e024-4fdd-9567-f96f5a908cfe -> 404 {
    ""message"": ""No query results for model [App\\Modules\\Iam\\Models\\Campus] f0c10789-e024-4fdd-"
api/certificates,GET,App\Modules\Academic\Http\Controllers\CertificateController@index,"api,Illuminate\Auth\Middleware\Authenticate:sanctum,App\Http\Middleware\ApiVersioning,App\Http\Middleware\ApiRateLimiter:default",False,noauth,401,401,PASS,"GET /api/certificates -> 401 {""message"":""Unauthenticated.""}"
api/certificates,GET,App\Modules\Academic\Http\Controllers\CertificateController@index,"api,Illuminate\Auth\Middleware\Authenticate:sanctum,App\Http\Middleware\ApiVersioning,App\Http\Middleware\ApiRateLimiter:default",False,badauth,401,401,PASS,"GET /api/certificates -> 401 {""message"":""Unauthenticated.""}"
api/certificates,GET,App\Modules\Academic\Http\Controllers\CertificateController@index,"api,Illuminate\Auth\Middleware\Authenticate:sanctum,App\Http\Middleware\ApiVersioning,App\Http\Middleware\ApiRateLimiter:default",False,admin,never 5xx,200,PASS,"GET /api/certificates -> 200 {""current_page"":1,""data"":[{""id"":""01a03cc1-aa31-7019-8962-bb5437f45aec"",""student_id"":""01a03ca9-83c7-7"
api/certificates,GET,App\Modules\Academic\Http\Controllers\CertificateController@index,"api,Illuminate\Auth\Middleware\Authenticate:sanctum,App\Http\Middleware\ApiVersioning,App\Http\Middleware\ApiRateLimiter:default",False,limited,never 5xx,200,PASS,"GET /api/certificates -> 200 {""current_page"":1,""data"":[{""id"":""01a03cc1-aa31-7019-8962-bb5437f45aec"",""student_id"":""01a03ca9-83c7-7"
api/certificates/students/{studentId}/issue,POST,App\Modules\Academic\Http\Controllers\CertificateController@issue,"api,Illuminate\Auth\Middleware\Authenticate:sanctum,App\Http\Middleware\ApiVersioning,App\Http\Middleware\ApiRateLimiter:default",False,noauth,401,401,PASS,"POST /api/certificates/students/01a03ca9-83c7-71f3-82bb-86700427f2f6/issue -> 401 {""message"":""Unauthenticated.""}"
api/certificates/students/{studentId}/issue,POST,App\Modules\Academic\Http\Controllers\CertificateController@issue,"api,Illuminate\Auth\Middleware\Authenticate:sanctum,App\Http\Middleware\ApiVersioning,App\Http\Middleware\ApiRateLimiter:default",False,badauth,401,401,PASS,"POST /api/certificates/students/01a03ca9-83c7-71f3-82bb-86700427f2f6/issue -> 401 {""message"":""Unauthenticated.""}"
api/certificates/students/{studentId}/issue,POST,App\Modules\Academic\Http\Controllers\CertificateController@issue,"api,Illuminate\Auth\Middleware\Authenticate:sanctum,App\Http\Middleware\ApiVersioning,App\Http\Middleware\ApiRateLimiter:default",False,admin,never 5xx,201,PASS,"POST /api/certificates/students/01a03ca9-83c7-71f3-82bb-86700427f2f6/issue -> 201 {""student_id"":""01a03ca9-83c7-71f3-82bb-86700427f2f6"",""program_id"":null,""level_id"":null,""certificate_"
api/certificates/students/{studentId}/issue,POST,App\Modules\Academic\Http\Controllers\CertificateController@issue,"api,Illuminate\Auth\Middleware\Authenticate:sanctum,App\Http\Middleware\ApiVersioning,App\Http\Middleware\ApiRateLimiter:default",False,limited,never 5xx,201,PASS,"POST /api/certificates/students/01a03ca9-83c7-71f3-82bb-86700427f2f6/issue -> 201 {""student_id"":""01a03ca9-83c7-71f3-82bb-86700427f2f6"",""program_id"":null,""level_id"":null,""certificate_"
api/certificates/{id},GET,App\Modules\Academic\Http\Controllers\CertificateController@show,"api,Illuminate\Auth\Middleware\Authenticate:sanctum,App\Http\Middleware\ApiVersioning,App\Http\Middleware\ApiRateLimiter:default",False,noauth,401,401,PASS,"GET /api/certificates/2ad94b1c-917f-42e1-aba0-d45681a19b8f -> 401 {""message"":""Unauthenticated.""}"
api/certificates/{id},GET,App\Modules\Academic\Http\Controllers\CertificateController@show,"api,Illuminate\Auth\Middleware\Authenticate:sanctum,App\Http\Middleware\ApiVersioning,App\Http\Middleware\ApiRateLimiter:default",False,badauth,401,401,PASS,"GET /api/certificates/2ad94b1c-917f-42e1-aba0-d45681a19b8f -> 401 {""message"":""Unauthenticated.""}"
api/certificates/{id},GET,App\Modules\Academic\Http\Controllers\CertificateController@show,"api,Illuminate\Auth\Middleware\Authenticate:sanctum,App\Http\Middleware\ApiVersioning,App\Http\Middleware\ApiRateLimiter:default",False,admin,never 5xx,200,PASS,"GET /api/certificates/2ad94b1c-917f-42e1-aba0-d45681a19b8f -> 200 {""id"":""2ad94b1c-917f-42e1-aba0-d45681a19b8f"",""student_id"":""01a03ca9-83c7-71f3-82bb-86700427f2f6"",""pr"
api/certificates/{id},GET,App\Modules\Academic\Http\Controllers\CertificateController@show,"api,Illuminate\Auth\Middleware\Authenticate:sanctum,App\Http\Middleware\ApiVersioning,App\Http\Middleware\ApiRateLimiter:default",False,limited,never 5xx,200,PASS,"GET /api/certificates/2ad94b1c-917f-42e1-aba0-d45681a19b8f -> 200 {""id"":""2ad94b1c-917f-42e1-aba0-d45681a19b8f"",""student_id"":""01a03ca9-83c7-71f3-82bb-86700427f2f6"",""pr"
api/certificates/{id}/revoke,POST,App\Modules\Academic\Http\Controllers\CertificateController@revoke,"api,Illuminate\Auth\Middleware\Authenticate:sanctum,App\Http\Middleware\ApiVersioning,App\Http\Middleware\ApiRateLimiter:default",False,noauth,401,401,PASS,"POST /api/certificates/2ad94b1c-917f-42e1-aba0-d45681a19b8f/revoke -> 401 {""message"":""Unauthenticated.""}"
api/certificates/{id}/revoke,POST,App\Modules\Academic\Http\Controllers\CertificateController@revoke,"api,Illuminate\Auth\Middleware\Authenticate:sanctum,App\Http\Middleware\ApiVersioning,App\Http\Middleware\ApiRateLimiter:default",False,badauth,401,401,PASS,"POST /api/certificates/2ad94b1c-917f-42e1-aba0-d45681a19b8f/revoke -> 401 {""message"":""Unauthenticated.""}"
api/certificates/{id}/revoke,POST,App\Modules\Academic\Http\Controllers\CertificateController@revoke,"api,Illuminate\Auth\Middleware\Authenticate:sanctum,App\Http\Middleware\ApiVersioning,App\Http\Middleware\ApiRateLimiter:default",False,admin,never 5xx,200,PASS,"POST /api/certificates/2ad94b1c-917f-42e1-aba0-d45681a19b8f/revoke -> 200 {""message"":""Certificate revoked""}"
api/certificates/{id}/revoke,POST,App\Modules\Academic\Http\Controllers\CertificateController@revoke,"api,Illuminate\Auth\Middleware\Authenticate:sanctum,App\Http\Middleware\ApiVersioning,App\Http\Middleware\ApiRateLimiter:default",False,limited,never 5xx,200,PASS,"POST /api/certificates/2ad94b1c-917f-42e1-aba0-d45681a19b8f/revoke -> 200 {""message"":""Certificate revoked""}"
api/classes,GET,App\Modules\Academic\Http\Controllers\ClassController@index,"api,Illuminate\Auth\Middleware\Authenticate:sanctum,App\Http\Middleware\ApiVersioning,App\Http\Middleware\ApiRateLimiter:default",False,noauth,401,401,PASS,"GET /api/classes -> 401 {""message"":""Unauthenticated.""}"
api/classes,GET,App\Modules\Academic\Http\Controllers\ClassController@index,"api,Illuminate\Auth\Middleware\Authenticate:sanctum,App\Http\Middleware\ApiVersioning,App\Http\Middleware\ApiRateLimiter:default",False,badauth,401,401,PASS,"GET /api/classes -> 401 {""message"":""Unauthenticated.""}"
api/classes,GET,App\Modules\Academic\Http\Controllers\ClassController@index,"api,Illuminate\Auth\Middleware\Authenticate:sanctum,App\Http\Middleware\ApiVersioning,App\Http\Middleware\ApiRateLimiter:default",False,admin,never 5xx,200,PASS,"GET /api/classes -> 200 [{""id"":""42857073-96d5-4963-bd13-2563ff396dc3"",""name"":""General English - Level 1"",""teacher_id"":null,"""
api/classes,GET,App\Modules\Academic\Http\Controllers\ClassController@index,"api,Illuminate\Auth\Middleware\Authenticate:sanctum,App\Http\Middleware\ApiVersioning,App\Http\Middleware\ApiRateLimiter:default",False,limited,never 5xx,200,PASS,"GET /api/classes -> 200 [{""id"":""42857073-96d5-4963-bd13-2563ff396dc3"",""name"":""General English - Level 1"",""teacher_id"":null,"""
api/classes,POST,App\Modules\Academic\Http\Controllers\ClassController@store,"api,Illuminate\Auth\Middleware\Authenticate:sanctum,App\Http\Middleware\ApiVersioning,App\Http\Middleware\ApiRateLimiter:default",False,noauth,401,401,PASS,"POST /api/classes -> 401 {""message"":""Unauthenticated.""}"
api/classes,POST,App\Modules\Academic\Http\Controllers\ClassController@store,"api,Illuminate\Auth\Middleware\Authenticate:sanctum,App\Http\Middleware\ApiVersioning,App\Http\Middleware\ApiRateLimiter:default",False,badauth,401,401,PASS,"POST /api/classes -> 401 {""message"":""Unauthenticated.""}"
api/classes,POST,App\Modules\Academic\Http\Controllers\ClassController@store,"api,Illuminate\Auth\Middleware\Authenticate:sanctum,App\Http\Middleware\ApiVersioning,App\Http\Middleware\ApiRateLimiter:default",False,admin,never 5xx,422,PASS,"POST /api/classes -> 422 {""message"":""The name field is required. (and 1 more error)"",""errors"":{""name"":[""The name field is req"
api/classes,POST,App\Modules\Academic\Http\Controllers\ClassController@store,"api,Illuminate\Auth\Middleware\Authenticate:sanctum,App\Http\Middleware\ApiVersioning,App\Http\Middleware\ApiRateLimiter:default",False,limited,never 5xx,422,PASS,"POST /api/classes -> 422 {""message"":""The name field is required. (and 1 more error)"",""errors"":{""name"":[""The name field is req"
api/classes/{classId}/exams,GET,App\Modules\Academic\Http\Controllers\ExamController@index,"api,Illuminate\Auth\Middleware\Authenticate:sanctum,App\Http\Middleware\ApiVersioning,App\Http\Middleware\ApiRateLimiter:default",False,noauth,401,401,PASS,"GET /api/classes/01a03ca9-8452-71d3-ae89-c7f664491055/exams -> 401 {""message"":""Unauthenticated.""}"
api/classes/{classId}/exams,GET,App\Modules\Academic\Http\Controllers\ExamController@index,"api,Illuminate\Auth\Middleware\Authenticate:sanctum,App\Http\Middleware\ApiVersioning,App\Http\Middleware\ApiRateLimiter:default",False,badauth,401,401,PASS,"GET /api/classes/01a03ca9-8452-71d3-ae89-c7f664491055/exams -> 401 {""message"":""Unauthenticated.""}"
api/classes/{classId}/exams,GET,App\Modules\Academic\Http\Controllers\ExamController@index,"api,Illuminate\Auth\Middleware\Authenticate:sanctum,App\Http\Middleware\ApiVersioning,App\Http\Middleware\ApiRateLimiter:default",False,admin,never 5xx,200,PASS,GET /api/classes/01a03ca9-8452-71d3-ae89-c7f664491055/exams -> 200 []
api/classes/{classId}/exams,GET,App\Modules\Academic\Http\Controllers\ExamController@index,"api,Illuminate\Auth\Middleware\Authenticate:sanctum,App\Http\Middleware\ApiVersioning,App\Http\Middleware\ApiRateLimiter:default",False,limited,never 5xx,200,PASS,GET /api/classes/01a03ca9-8452-71d3-ae89-c7f664491055/exams -> 200 []
api/classes/{classId}/exams,POST,App\Modules\Academic\Http\Controllers\ExamController@store,"api,Illuminate\Auth\Middleware\Authenticate:sanctum,App\Http\Middleware\ApiVersioning,App\Http\Middleware\ApiRateLimiter:default",False,noauth,401,401,PASS,"POST /api/classes/01a03ca9-8452-71d3-ae89-c7f664491055/exams -> 401 {""message"":""Unauthenticated.""}"
api/classes/{classId}/exams,POST,App\Modules\Academic\Http\Controllers\ExamController@store,"api,Illuminate\Auth\Middleware\Authenticate:sanctum,App\Http\Middleware\ApiVersioning,App\Http\Middleware\ApiRateLimiter:default",False,badauth,401,401,PASS,"POST /api/classes/01a03ca9-8452-71d3-ae89-c7f664491055/exams -> 401 {""message"":""Unauthenticated.""}"
api/classes/{classId}/exams,POST,App\Modules\Academic\Http\Controllers\ExamController@store,"api,Illuminate\Auth\Middleware\Authenticate:sanctum,App\Http\Middleware\ApiVersioning,App\Http\Middleware\ApiRateLimiter:default",False,admin,never 5xx,422,PASS,"POST /api/classes/01a03ca9-8452-71d3-ae89-c7f664491055/exams -> 422 {""message"":""The title field is required. (and 2 more errors)"",""errors"":{""title"":[""The title field is"
api/classes/{classId}/exams,POST,App\Modules\Academic\Http\Controllers\ExamController@store,"api,Illuminate\Auth\Middleware\Authenticate:sanctum,App\Http\Middleware\ApiVersioning,App\Http\Middleware\ApiRateLimiter:default",False,limited,never 5xx,422,PASS,"POST /api/classes/01a03ca9-8452-71d3-ae89-c7f664491055/exams -> 422 {""message"":""The title field is required. (and 2 more errors)"",""errors"":{""title"":[""The title field is"
api/classes/{classId}/homework,GET,App\Modules\Academic\Http\Controllers\HomeworkController@index,"api,Illuminate\Auth\Middleware\Authenticate:sanctum,App\Http\Middleware\ApiVersioning,App\Http\Middleware\ApiRateLimiter:default",False,noauth,401,401,PASS,"GET /api/classes/01a03ca9-8452-71d3-ae89-c7f664491055/homework -> 401 {""message"":""Unauthenticated.""}"
api/classes/{classId}/homework,GET,App\Modules\Academic\Http\Controllers\HomeworkController@index,"api,Illuminate\Auth\Middleware\Authenticate:sanctum,App\Http\Middleware\ApiVersioning,App\Http\Middleware\ApiRateLimiter:default",False,badauth,401,401,PASS,"GET /api/classes/01a03ca9-8452-71d3-ae89-c7f664491055/homework -> 401 {""message"":""Unauthenticated.""}"
api/classes/{classId}/homework,GET,App\Modules\Academic\Http\Controllers\HomeworkController@index,"api,Illuminate\Auth\Middleware\Authenticate:sanctum,App\Http\Middleware\ApiVersioning,App\Http\Middleware\ApiRateLimiter:default",False,admin,never 5xx,200,PASS,GET /api/classes/01a03ca9-8452-71d3-ae89-c7f664491055/homework -> 200 []
api/classes/{classId}/homework,GET,App\Modules\Academic\Http\Controllers\HomeworkController@index,"api,Illuminate\Auth\Middleware\Authenticate:sanctum,App\Http\Middleware\ApiVersioning,App\Http\Middleware\ApiRateLimiter:default",False,limited,never 5xx,200,PASS,GET /api/classes/01a03ca9-8452-71d3-ae89-c7f664491055/homework -> 200 []
api/classes/{classId}/homework,POST,App\Modules\Academic\Http\Controllers\HomeworkController@store,"api,Illuminate\Auth\Middleware\Authenticate:sanctum,App\Http\Middleware\ApiVersioning,App\Http\Middleware\ApiRateLimiter:default",False,noauth,401,401,PASS,"POST /api/classes/01a03ca9-8452-71d3-ae89-c7f664491055/homework -> 401 {""message"":""Unauthenticated.""}"
api/classes/{classId}/homework,POST,App\Modules\Academic\Http\Controllers\HomeworkController@store,"api,Illuminate\Auth\Middleware\Authenticate:sanctum,App\Http\Middleware\ApiVersioning,App\Http\Middleware\ApiRateLimiter:default",False,badauth,401,401,PASS,"POST /api/classes/01a03ca9-8452-71d3-ae89-c7f664491055/homework -> 401 {""message"":""Unauthenticated.""}"
api/classes/{classId}/homework,POST,App\Modules\Academic\Http\Controllers\HomeworkController@store,"api,Illuminate\Auth\Middleware\Authenticate:sanctum,App\Http\Middleware\ApiVersioning,App\Http\Middleware\ApiRateLimiter:default",False,admin,never 5xx,422,PASS,"POST /api/classes/01a03ca9-8452-71d3-ae89-c7f664491055/homework -> 422 {""message"":""The session id field is required. (and 1 more error)"",""errors"":{""session_id"":[""The sessi"
api/classes/{classId}/homework,POST,App\Modules\Academic\Http\Controllers\HomeworkController@store,"api,Illuminate\Auth\Middleware\Authenticate:sanctum,App\Http\Middleware\ApiVersioning,App\Http\Middleware\ApiRateLimiter:default",False,limited,never 5xx,422,PASS,"POST /api/classes/01a03ca9-8452-71d3-ae89-c7f664491055/homework -> 422 {""message"":""The session id field is required. (and 1 more error)"",""errors"":{""session_id"":[""The sessi"
api/classes/{classId}/sessions,GET,App\Modules\Academic\Http\Controllers\SessionController@index,"api,Illuminate\Auth\Middleware\Authenticate:sanctum,App\Http\Middleware\ApiVersioning,App\Http\Middleware\ApiRateLimiter:default",False,noauth,401,401,PASS,"GET /api/classes/01a03ca9-8452-71d3-ae89-c7f664491055/sessions -> 401 {""message"":""Unauthenticated.""}"
api/classes/{classId}/sessions,GET,App\Modules\Academic\Http\Controllers\SessionController@index,"api,Illuminate\Auth\Middleware\Authenticate:sanctum,App\Http\Middleware\ApiVersioning,App\Http\Middleware\ApiRateLimiter:default",False,badauth,401,401,PASS,"GET /api/classes/01a03ca9-8452-71d3-ae89-c7f664491055/sessions -> 401 {""message"":""Unauthenticated.""}"
api/classes/{classId}/sessions,GET,App\Modules\Academic\Http\Controllers\SessionController@index,"api,Illuminate\Auth\Middleware\Authenticate:sanctum,App\Http\Middleware\ApiVersioning,App\Http\Middleware\ApiRateLimiter:default",False,admin,never 5xx,200,PASS,"GET /api/classes/01a03ca9-8452-71d3-ae89-c7f664491055/sessions -> 200 [{""id"":""01a03ca9-848b-70a0-b70b-13e5a6f4969d"",""class_id"":""01a03ca9-8452-71d3-ae89-c7f664491055"",""dat"
api/classes/{classId}/sessions,GET,App\Modules\Academic\Http\Controllers\SessionController@index,"api,Illuminate\Auth\Middleware\Authenticate:sanctum,App\Http\Middleware\ApiVersioning,App\Http\Middleware\ApiRateLimiter:default",False,limited,never 5xx,200,PASS,"GET /api/classes/01a03ca9-8452-71d3-ae89-c7f664491055/sessions -> 200 [{""id"":""01a03ca9-848b-70a0-b70b-13e5a6f4969d"",""class_id"":""01a03ca9-8452-71d3-ae89-c7f664491055"",""dat"
api/classes/{classId}/sessions,POST,App\Modules\Academic\Http\Controllers\SessionController@store,"api,Illuminate\Auth\Middleware\Authenticate:sanctum,App\Http\Middleware\ApiVersioning,App\Http\Middleware\ApiRateLimiter:default",False,noauth,401,401,PASS,"POST /api/classes/01a03ca9-8452-71d3-ae89-c7f664491055/sessions -> 401 {""message"":""Unauthenticated.""}"
api/classes/{classId}/sessions,POST,App\Modules\Academic\Http\Controllers\SessionController@store,"api,Illuminate\Auth\Middleware\Authenticate:sanctum,App\Http\Middleware\ApiVersioning,App\Http\Middleware\ApiRateLimiter:default",False,badauth,401,401,PASS,"POST /api/classes/01a03ca9-8452-71d3-ae89-c7f664491055/sessions -> 401 {""message"":""Unauthenticated.""}"
api/classes/{classId}/sessions,POST,App\Modules\Academic\Http\Controllers\SessionController@store,"api,Illuminate\Auth\Middleware\Authenticate:sanctum,App\Http\Middleware\ApiVersioning,App\Http\Middleware\ApiRateLimiter:default",False,admin,never 5xx,422,PASS,"POST /api/classes/01a03ca9-8452-71d3-ae89-c7f664491055/sessions -> 422 {""message"":""The date field is required. (and 2 more errors)"",""errors"":{""date"":[""The date field is re"
api/classes/{classId}/sessions,POST,App\Modules\Academic\Http\Controllers\SessionController@store,"api,Illuminate\Auth\Middleware\Authenticate:sanctum,App\Http\Middleware\ApiVersioning,App\Http\Middleware\ApiRateLimiter:default",False,limited,never 5xx,422,PASS,"POST /api/classes/01a03ca9-8452-71d3-ae89-c7f664491055/sessions -> 422 {""message"":""The date field is required. (and 2 more errors)"",""errors"":{""date"":[""The date field is re"
api/classes/{id},GET,App\Modules\Academic\Http\Controllers\ClassController@show,"api,Illuminate\Auth\Middleware\Authenticate:sanctum,App\Http\Middleware\ApiVersioning,App\Http\Middleware\ApiRateLimiter:default",False,noauth,401,401,PASS,"GET /api/classes/01a03ca9-8452-71d3-ae89-c7f664491055 -> 401 {""message"":""Unauthenticated.""}"
api/classes/{id},GET,App\Modules\Academic\Http\Controllers\ClassController@show,"api,Illuminate\Auth\Middleware\Authenticate:sanctum,App\Http\Middleware\ApiVersioning,App\Http\Middleware\ApiRateLimiter:default",False,badauth,401,401,PASS,"GET /api/classes/01a03ca9-8452-71d3-ae89-c7f664491055 -> 401 {""message"":""Unauthenticated.""}"
api/classes/{id},GET,App\Modules\Academic\Http\Controllers\ClassController@show,"api,Illuminate\Auth\Middleware\Authenticate:sanctum,App\Http\Middleware\ApiVersioning,App\Http\Middleware\ApiRateLimiter:default",False,admin,never 5xx,200,PASS,"GET /api/classes/01a03ca9-8452-71d3-ae89-c7f664491055 -> 200 {""class"":{""id"":""01a03ca9-8452-71d3-ae89-c7f664491055"",""name"":""General English - Level 1"",""teacher_id"
api/classes/{id},GET,App\Modules\Academic\Http\Controllers\ClassController@show,"api,Illuminate\Auth\Middleware\Authenticate:sanctum,App\Http\Middleware\ApiVersioning,App\Http\Middleware\ApiRateLimiter:default",False,limited,never 5xx,200,PASS,"GET /api/classes/01a03ca9-8452-71d3-ae89-c7f664491055 -> 200 {""class"":{""id"":""01a03ca9-8452-71d3-ae89-c7f664491055"",""name"":""General English - Level 1"",""teacher_id"
api/classes/{id},PATCH,App\Modules\Academic\Http\Controllers\ClassController@update,"api,Illuminate\Auth\Middleware\Authenticate:sanctum,App\Http\Middleware\ApiVersioning,App\Http\Middleware\ApiRateLimiter:default",False,noauth,401,401,PASS,"PATCH /api/classes/01a03ca9-8452-71d3-ae89-c7f664491055 -> 401 {""message"":""Unauthenticated.""}"
api/classes/{id},PATCH,App\Modules\Academic\Http\Controllers\ClassController@update,"api,Illuminate\Auth\Middleware\Authenticate:sanctum,App\Http\Middleware\ApiVersioning,App\Http\Middleware\ApiRateLimiter:default",False,badauth,401,401,PASS,"PATCH /api/classes/01a03ca9-8452-71d3-ae89-c7f664491055 -> 401 {""message"":""Unauthenticated.""}"
api/classes/{id},PATCH,App\Modules\Academic\Http\Controllers\ClassController@update,"api,Illuminate\Auth\Middleware\Authenticate:sanctum,App\Http\Middleware\ApiVersioning,App\Http\Middleware\ApiRateLimiter:default",False,admin,never 5xx,200,PASS,"PATCH /api/classes/01a03ca9-8452-71d3-ae89-c7f664491055 -> 200 {""id"":""01a03ca9-8452-71d3-ae89-c7f664491055"",""name"":""General English - Level 1"",""teacher_id"":null,""p"
api/classes/{id},PATCH,App\Modules\Academic\Http\Controllers\ClassController@update,"api,Illuminate\Auth\Middleware\Authenticate:sanctum,App\Http\Middleware\ApiVersioning,App\Http\Middleware\ApiRateLimiter:default",False,limited,never 5xx,200,PASS,"PATCH /api/classes/01a03ca9-8452-71d3-ae89-c7f664491055 -> 200 {""id"":""01a03ca9-8452-71d3-ae89-c7f664491055"",""name"":""General English - Level 1"",""teacher_id"":null,""p"
api/dashboard,GET,App\Modules\Iam\Http\Controllers\DashboardController@index,"api,Illuminate\Auth\Middleware\Authenticate:sanctum,App\Http\Middleware\ApiVersioning,App\Http\Middleware\ApiRateLimiter:default",False,noauth,401,401,PASS,"GET /api/dashboard -> 401 {""message"":""Unauthenticated.""}"
api/dashboard,GET,App\Modules\Iam\Http\Controllers\DashboardController@index,"api,Illuminate\Auth\Middleware\Authenticate:sanctum,App\Http\Middleware\ApiVersioning,App\Http\Middleware\ApiRateLimiter:default",False,badauth,401,401,PASS,"GET /api/dashboard -> 401 {""message"":""Unauthenticated.""}"
api/dashboard,GET,App\Modules\Iam\Http\Controllers\DashboardController@index,"api,Illuminate\Auth\Middleware\Authenticate:sanctum,App\Http\Middleware\ApiVersioning,App\Http\Middleware\ApiRateLimiter:default",False,admin,never 5xx,200,PASS,"GET /api/dashboard -> 200 {""students"":{""total"":23,""active"":20,""graduated"":1,""new_this_month"":23},""classes"":{""total"":9,""active"""
api/dashboard,GET,App\Modules\Iam\Http\Controllers\DashboardController@index,"api,Illuminate\Auth\Middleware\Authenticate:sanctum,App\Http\Middleware\ApiVersioning,App\Http\Middleware\ApiRateLimiter:default",False,limited,never 5xx,200,PASS,"GET /api/dashboard -> 200 {""students"":{""total"":23,""active"":20,""graduated"":1,""new_this_month"":23},""classes"":{""total"":9,""active"""
api/donations,GET,App\Modules\FundingImpact\Http\Controllers\FundingController@indexDonations,"api,Illuminate\Auth\Middleware\Authenticate:sanctum,App\Http\Middleware\ApiVersioning,App\Http\Middleware\ApiRateLimiter:default",False,noauth,401,401,PASS,"GET /api/donations -> 401 {""message"":""Unauthenticated.""}"
api/donations,GET,App\Modules\FundingImpact\Http\Controllers\FundingController@indexDonations,"api,Illuminate\Auth\Middleware\Authenticate:sanctum,App\Http\Middleware\ApiVersioning,App\Http\Middleware\ApiRateLimiter:default",False,badauth,401,401,PASS,"GET /api/donations -> 401 {""message"":""Unauthenticated.""}"
api/donations,GET,App\Modules\FundingImpact\Http\Controllers\FundingController@indexDonations,"api,Illuminate\Auth\Middleware\Authenticate:sanctum,App\Http\Middleware\ApiVersioning,App\Http\Middleware\ApiRateLimiter:default",False,admin,never 5xx,200,PASS,"GET /api/donations -> 200 [{""id"":""683b81bb-332d-4c5a-92a6-4cc9b849281c"",""campaign_id"":""0dd5ef91-349e-465d-8ef5-40e9806e0e96"","""
api/donations,GET,App\Modules\FundingImpact\Http\Controllers\FundingController@indexDonations,"api,Illuminate\Auth\Middleware\Authenticate:sanctum,App\Http\Middleware\ApiVersioning,App\Http\Middleware\ApiRateLimiter:default",False,limited,never 5xx,200,PASS,"GET /api/donations -> 200 [{""id"":""683b81bb-332d-4c5a-92a6-4cc9b849281c"",""campaign_id"":""0dd5ef91-349e-465d-8ef5-40e9806e0e96"","""
api/donations,POST,App\Modules\FundingImpact\Http\Controllers\FundingController@storeDonation,"api,Illuminate\Auth\Middleware\Authenticate:sanctum,App\Http\Middleware\ApiVersioning,App\Http\Middleware\ApiRateLimiter:default",False,noauth,401,401,PASS,"POST /api/donations -> 401 {""message"":""Unauthenticated.""}"
api/donations,POST,App\Modules\FundingImpact\Http\Controllers\FundingController@storeDonation,"api,Illuminate\Auth\Middleware\Authenticate:sanctum,App\Http\Middleware\ApiVersioning,App\Http\Middleware\ApiRateLimiter:default",False,badauth,401,401,PASS,"POST /api/donations -> 401 {""message"":""Unauthenticated.""}"
api/donations,POST,App\Modules\FundingImpact\Http\Controllers\FundingController@storeDonation,"api,Illuminate\Auth\Middleware\Authenticate:sanctum,App\Http\Middleware\ApiVersioning,App\Http\Middleware\ApiRateLimiter:default",False,admin,never 5xx,422,PASS,"POST /api/donations -> 422 {""message"":""The donor id field is required. (and 3 more errors)"",""errors"":{""donor_id"":[""The donor id"
api/donations,POST,App\Modules\FundingImpact\Http\Controllers\FundingController@storeDonation,"api,Illuminate\Auth\Middleware\Authenticate:sanctum,App\Http\Middleware\ApiVersioning,App\Http\Middleware\ApiRateLimiter:default",False,limited,never 5xx,422,PASS,"POST /api/donations -> 422 {""message"":""The donor id field is required. (and 3 more errors)"",""errors"":{""donor_id"":[""The donor id"
api/donors,GET,App\Modules\FundingImpact\Http\Controllers\FundingController@indexDonors,"api,Illuminate\Auth\Middleware\Authenticate:sanctum,App\Http\Middleware\ApiVersioning,App\Http\Middleware\ApiRateLimiter:default",False,noauth,401,401,PASS,"GET /api/donors -> 401 {""message"":""Unauthenticated.""}"
api/donors,GET,App\Modules\FundingImpact\Http\Controllers\FundingController@indexDonors,"api,Illuminate\Auth\Middleware\Authenticate:sanctum,App\Http\Middleware\ApiVersioning,App\Http\Middleware\ApiRateLimiter:default",False,badauth,401,401,PASS,"GET /api/donors -> 401 {""message"":""Unauthenticated.""}"
api/donors,GET,App\Modules\FundingImpact\Http\Controllers\FundingController@indexDonors,"api,Illuminate\Auth\Middleware\Authenticate:sanctum,App\Http\Middleware\ApiVersioning,App\Http\Middleware\ApiRateLimiter:default",False,admin,never 5xx,200,PASS,"GET /api/donors -> 200 [{""id"":""131c0e46-3eb1-4fdd-bb61-385fcf5aa3b0"",""full_name"":""Afghan Education Foundation"",""type"":""ngo"""
api/donors,GET,App\Modules\FundingImpact\Http\Controllers\FundingController@indexDonors,"api,Illuminate\Auth\Middleware\Authenticate:sanctum,App\Http\Middleware\ApiVersioning,App\Http\Middleware\ApiRateLimiter:default",False,limited,never 5xx,200,PASS,"GET /api/donors -> 200 [{""id"":""131c0e46-3eb1-4fdd-bb61-385fcf5aa3b0"",""full_name"":""Afghan Education Foundation"",""type"":""ngo"""
api/donors,POST,App\Modules\FundingImpact\Http\Controllers\FundingController@storeDonor,"api,Illuminate\Auth\Middleware\Authenticate:sanctum,App\Http\Middleware\ApiVersioning,App\Http\Middleware\ApiRateLimiter:default",False,noauth,401,401,PASS,"POST /api/donors -> 401 {""message"":""Unauthenticated.""}"
api/donors,POST,App\Modules\FundingImpact\Http\Controllers\FundingController@storeDonor,"api,Illuminate\Auth\Middleware\Authenticate:sanctum,App\Http\Middleware\ApiVersioning,App\Http\Middleware\ApiRateLimiter:default",False,badauth,401,401,PASS,"POST /api/donors -> 401 {""message"":""Unauthenticated.""}"
api/donors,POST,App\Modules\FundingImpact\Http\Controllers\FundingController@storeDonor,"api,Illuminate\Auth\Middleware\Authenticate:sanctum,App\Http\Middleware\ApiVersioning,App\Http\Middleware\ApiRateLimiter:default",False,admin,never 5xx,422,PASS,"POST /api/donors -> 422 {""message"":""The full name field is required. (and 1 more error)"",""errors"":{""full_name"":[""The full na"
api/donors,POST,App\Modules\FundingImpact\Http\Controllers\FundingController@storeDonor,"api,Illuminate\Auth\Middleware\Authenticate:sanctum,App\Http\Middleware\ApiVersioning,App\Http\Middleware\ApiRateLimiter:default",False,limited,never 5xx,422,PASS,"POST /api/donors -> 422 {""message"":""The full name field is required. (and 1 more error)"",""errors"":{""full_name"":[""The full na"
api/employees,GET,App\Modules\PeopleHr\Http\Controllers\EmployeeController@index,"api,Illuminate\Auth\Middleware\Authenticate:sanctum,App\Http\Middleware\ApiVersioning,App\Http\Middleware\ApiRateLimiter:default",False,noauth,401,401,PASS,"GET /api/employees -> 401 {""message"":""Unauthenticated.""}"
api/employees,GET,App\Modules\PeopleHr\Http\Controllers\EmployeeController@index,"api,Illuminate\Auth\Middleware\Authenticate:sanctum,App\Http\Middleware\ApiVersioning,App\Http\Middleware\ApiRateLimiter:default",False,badauth,401,401,PASS,"GET /api/employees -> 401 {""message"":""Unauthenticated.""}"
api/employees,GET,App\Modules\PeopleHr\Http\Controllers\EmployeeController@index,"api,Illuminate\Auth\Middleware\Authenticate:sanctum,App\Http\Middleware\ApiVersioning,App\Http\Middleware\ApiRateLimiter:default",False,admin,never 5xx,200,PASS,"GET /api/employees -> 200 [{""id"":""fec4b407-5755-4741-89f4-8c933b3fc8be"",""full_name"":""Omar Faizi"",""phone"":null,""email"":null,""ro"
api/employees,GET,App\Modules\PeopleHr\Http\Controllers\EmployeeController@index,"api,Illuminate\Auth\Middleware\Authenticate:sanctum,App\Http\Middleware\ApiVersioning,App\Http\Middleware\ApiRateLimiter:default",False,limited,never 5xx,200,PASS,"GET /api/employees -> 200 [{""id"":""fec4b407-5755-4741-89f4-8c933b3fc8be"",""full_name"":""Omar Faizi"",""phone"":null,""email"":null,""ro"
api/employees,POST,App\Modules\PeopleHr\Http\Controllers\EmployeeController@store,"api,Illuminate\Auth\Middleware\Authenticate:sanctum,App\Http\Middleware\ApiVersioning,App\Http\Middleware\ApiRateLimiter:default",False,noauth,401,401,PASS,"POST /api/employees -> 401 {""message"":""Unauthenticated.""}"
api/employees,POST,App\Modules\PeopleHr\Http\Controllers\EmployeeController@store,"api,Illuminate\Auth\Middleware\Authenticate:sanctum,App\Http\Middleware\ApiVersioning,App\Http\Middleware\ApiRateLimiter:default",False,badauth,401,401,PASS,"POST /api/employees -> 401 {""message"":""Unauthenticated.""}"
api/employees,POST,App\Modules\PeopleHr\Http\Controllers\EmployeeController@store,"api,Illuminate\Auth\Middleware\Authenticate:sanctum,App\Http\Middleware\ApiVersioning,App\Http\Middleware\ApiRateLimiter:default",False,admin,never 5xx,422,PASS,"POST /api/employees -> 422 {""message"":""The full name field is required. (and 2 more errors)"",""errors"":{""full_name"":[""The full n"
api/employees,POST,App\Modules\PeopleHr\Http\Controllers\EmployeeController@store,"api,Illuminate\Auth\Middleware\Authenticate:sanctum,App\Http\Middleware\ApiVersioning,App\Http\Middleware\ApiRateLimiter:default",False,limited,never 5xx,422,PASS,"POST /api/employees -> 422 {""message"":""The full name field is required. (and 2 more errors)"",""errors"":{""full_name"":[""The full n"
api/employees/{id},GET,App\Modules\PeopleHr\Http\Controllers\EmployeeController@show,"api,Illuminate\Auth\Middleware\Authenticate:sanctum,App\Http\Middleware\ApiVersioning,App\Http\Middleware\ApiRateLimiter:default",False,noauth,401,401,PASS,"GET /api/employees/75d421b2-daca-4643-8594-07655d8a8992 -> 401 {""message"":""Unauthenticated.""}"
api/employees/{id},GET,App\Modules\PeopleHr\Http\Controllers\EmployeeController@show,"api,Illuminate\Auth\Middleware\Authenticate:sanctum,App\Http\Middleware\ApiVersioning,App\Http\Middleware\ApiRateLimiter:default",False,badauth,401,401,PASS,"GET /api/employees/75d421b2-daca-4643-8594-07655d8a8992 -> 401 {""message"":""Unauthenticated.""}"
api/employees/{id},GET,App\Modules\PeopleHr\Http\Controllers\EmployeeController@show,"api,Illuminate\Auth\Middleware\Authenticate:sanctum,App\Http\Middleware\ApiVersioning,App\Http\Middleware\ApiRateLimiter:default",False,admin,never 5xx,200,PASS,"GET /api/employees/75d421b2-daca-4643-8594-07655d8a8992 -> 200 {""id"":""75d421b2-daca-4643-8594-07655d8a8992"",""full_name"":""Zahra Rezai"",""phone"":null,""email"":null,""ro"
api/employees/{id},GET,App\Modules\PeopleHr\Http\Controllers\EmployeeController@show,"api,Illuminate\Auth\Middleware\Authenticate:sanctum,App\Http\Middleware\ApiVersioning,App\Http\Middleware\ApiRateLimiter:default",False,limited,never 5xx,200,PASS,"GET /api/employees/75d421b2-daca-4643-8594-07655d8a8992 -> 200 {""id"":""75d421b2-daca-4643-8594-07655d8a8992"",""full_name"":""Zahra Rezai"",""phone"":null,""email"":null,""ro"
api/employees/{id},PATCH,App\Modules\PeopleHr\Http\Controllers\EmployeeController@update,"api,Illuminate\Auth\Middleware\Authenticate:sanctum,App\Http\Middleware\ApiVersioning,App\Http\Middleware\ApiRateLimiter:default",False,noauth,401,401,PASS,"PATCH /api/employees/75d421b2-daca-4643-8594-07655d8a8992 -> 401 {""message"":""Unauthenticated.""}"
api/employees/{id},PATCH,App\Modules\PeopleHr\Http\Controllers\EmployeeController@update,"api,Illuminate\Auth\Middleware\Authenticate:sanctum,App\Http\Middleware\ApiVersioning,App\Http\Middleware\ApiRateLimiter:default",False,badauth,401,401,PASS,"PATCH /api/employees/75d421b2-daca-4643-8594-07655d8a8992 -> 401 {""message"":""Unauthenticated.""}"
api/employees/{id},PATCH,App\Modules\PeopleHr\Http\Controllers\EmployeeController@update,"api,Illuminate\Auth\Middleware\Authenticate:sanctum,App\Http\Middleware\ApiVersioning,App\Http\Middleware\ApiRateLimiter:default",False,admin,never 5xx,200,PASS,"PATCH /api/employees/75d421b2-daca-4643-8594-07655d8a8992 -> 200 {""id"":""75d421b2-daca-4643-8594-07655d8a8992"",""full_name"":""Zahra Rezai"",""phone"":null,""email"":null,""ro"
api/employees/{id},PATCH,App\Modules\PeopleHr\Http\Controllers\EmployeeController@update,"api,Illuminate\Auth\Middleware\Authenticate:sanctum,App\Http\Middleware\ApiVersioning,App\Http\Middleware\ApiRateLimiter:default",False,limited,never 5xx,200,PASS,"PATCH /api/employees/75d421b2-daca-4643-8594-07655d8a8992 -> 200 {""id"":""75d421b2-daca-4643-8594-07655d8a8992"",""full_name"":""Zahra Rezai"",""phone"":null,""email"":null,""ro"
api/employees/{id},DELETE,App\Modules\PeopleHr\Http\Controllers\EmployeeController@destroy,"api,Illuminate\Auth\Middleware\Authenticate:sanctum,App\Http\Middleware\ApiVersioning,App\Http\Middleware\ApiRateLimiter:default",False,noauth,401,401,PASS,"DELETE /api/employees/56c9c8c6-6770-4222-93a5-e05ad19f2c6c -> 401 {""message"":""Unauthenticated.""}"
api/employees/{id},DELETE,App\Modules\PeopleHr\Http\Controllers\EmployeeController@destroy,"api,Illuminate\Auth\Middleware\Authenticate:sanctum,App\Http\Middleware\ApiVersioning,App\Http\Middleware\ApiRateLimiter:default",False,badauth,401,401,PASS,"DELETE /api/employees/533daef4-be5a-43ad-9a61-925e7c7610b0 -> 401 {""message"":""Unauthenticated.""}"
api/employees/{id},DELETE,App\Modules\PeopleHr\Http\Controllers\EmployeeController@destroy,"api,Illuminate\Auth\Middleware\Authenticate:sanctum,App\Http\Middleware\ApiVersioning,App\Http\Middleware\ApiRateLimiter:default",False,admin,never 5xx,404,PASS,"DELETE /api/employees/000f29d2-5f94-44bd-a98c-00eaddbf172b -> 404 {
    ""message"": ""No query results for model [App\\Modules\\PeopleHr\\Models\\Employee] 000f29d2-5f9"
api/employees/{id},DELETE,App\Modules\PeopleHr\Http\Controllers\EmployeeController@destroy,"api,Illuminate\Auth\Middleware\Authenticate:sanctum,App\Http\Middleware\ApiVersioning,App\Http\Middleware\ApiRateLimiter:default",False,limited,never 5xx,404,PASS,"DELETE /api/employees/7a7231af-90f9-4c2c-b2c4-90696d24df53 -> 404 {
    ""message"": ""No query results for model [App\\Modules\\PeopleHr\\Models\\Employee] 7a7231af-90f"
api/employees/{id}/transfer,POST,App\Modules\PeopleHr\Http\Controllers\EmployeeController@transfer,"api,Illuminate\Auth\Middleware\Authenticate:sanctum,App\Http\Middleware\ApiVersioning,App\Http\Middleware\ApiRateLimiter:default",False,noauth,401,401,PASS,"POST /api/employees/75d421b2-daca-4643-8594-07655d8a8992/transfer -> 401 {""message"":""Unauthenticated.""}"
api/employees/{id}/transfer,POST,App\Modules\PeopleHr\Http\Controllers\EmployeeController@transfer,"api,Illuminate\Auth\Middleware\Authenticate:sanctum,App\Http\Middleware\ApiVersioning,App\Http\Middleware\ApiRateLimiter:default",False,badauth,401,401,PASS,"POST /api/employees/75d421b2-daca-4643-8594-07655d8a8992/transfer -> 401 {""message"":""Unauthenticated.""}"
api/employees/{id}/transfer,POST,App\Modules\PeopleHr\Http\Controllers\EmployeeController@transfer,"api,Illuminate\Auth\Middleware\Authenticate:sanctum,App\Http\Middleware\ApiVersioning,App\Http\Middleware\ApiRateLimiter:default",False,admin,never 5xx,422,PASS,"POST /api/employees/75d421b2-daca-4643-8594-07655d8a8992/transfer -> 422 {""message"":""The new branch id field is required. (and 1 more error)"",""errors"":{""new_branch_id"":[""The"
api/employees/{id}/transfer,POST,App\Modules\PeopleHr\Http\Controllers\EmployeeController@transfer,"api,Illuminate\Auth\Middleware\Authenticate:sanctum,App\Http\Middleware\ApiVersioning,App\Http\Middleware\ApiRateLimiter:default",False,limited,never 5xx,422,PASS,"POST /api/employees/75d421b2-daca-4643-8594-07655d8a8992/transfer -> 422 {""message"":""The new branch id field is required. (and 1 more error)"",""errors"":{""new_branch_id"":[""The"
api/exams/{examId}/results,GET,App\Modules\Academic\Http\Controllers\ExamController@results,"api,Illuminate\Auth\Middleware\Authenticate:sanctum,App\Http\Middleware\ApiVersioning,App\Http\Middleware\ApiRateLimiter:default",False,noauth,401,401,PASS,"GET /api/exams/4db8f07d-d7cc-4f59-8f50-073709618583/results -> 401 {""message"":""Unauthenticated.""}"
api/exams/{examId}/results,GET,App\Modules\Academic\Http\Controllers\ExamController@results,"api,Illuminate\Auth\Middleware\Authenticate:sanctum,App\Http\Middleware\ApiVersioning,App\Http\Middleware\ApiRateLimiter:default",False,badauth,401,401,PASS,"GET /api/exams/4db8f07d-d7cc-4f59-8f50-073709618583/results -> 401 {""message"":""Unauthenticated.""}"
api/exams/{examId}/results,GET,App\Modules\Academic\Http\Controllers\ExamController@results,"api,Illuminate\Auth\Middleware\Authenticate:sanctum,App\Http\Middleware\ApiVersioning,App\Http\Middleware\ApiRateLimiter:default",False,admin,never 5xx,200,PASS,"GET /api/exams/4db8f07d-d7cc-4f59-8f50-073709618583/results -> 200 {""exam"":{""id"":""4db8f07d-d7cc-4f59-8f50-073709618583"",""title"":""Mid-term Assessment"",""date"":""2026-08-1"
api/exams/{examId}/results,GET,App\Modules\Academic\Http\Controllers\ExamController@results,"api,Illuminate\Auth\Middleware\Authenticate:sanctum,App\Http\Middleware\ApiVersioning,App\Http\Middleware\ApiRateLimiter:default",False,limited,never 5xx,200,PASS,"GET /api/exams/4db8f07d-d7cc-4f59-8f50-073709618583/results -> 200 {""exam"":{""id"":""4db8f07d-d7cc-4f59-8f50-073709618583"",""title"":""Mid-term Assessment"",""date"":""2026-08-1"
api/exams/{examId}/results,POST,App\Modules\Academic\Http\Controllers\ExamController@storeResult,"api,Illuminate\Auth\Middleware\Authenticate:sanctum,App\Http\Middleware\ApiVersioning,App\Http\Middleware\ApiRateLimiter:default",False,noauth,401,401,PASS,"POST /api/exams/4db8f07d-d7cc-4f59-8f50-073709618583/results -> 401 {""message"":""Unauthenticated.""}"
api/exams/{examId}/results,POST,App\Modules\Academic\Http\Controllers\ExamController@storeResult,"api,Illuminate\Auth\Middleware\Authenticate:sanctum,App\Http\Middleware\ApiVersioning,App\Http\Middleware\ApiRateLimiter:default",False,badauth,401,401,PASS,"POST /api/exams/4db8f07d-d7cc-4f59-8f50-073709618583/results -> 401 {""message"":""Unauthenticated.""}"
api/exams/{examId}/results,POST,App\Modules\Academic\Http\Controllers\ExamController@storeResult,"api,Illuminate\Auth\Middleware\Authenticate:sanctum,App\Http\Middleware\ApiVersioning,App\Http\Middleware\ApiRateLimiter:default",False,admin,never 5xx,422,PASS,"POST /api/exams/4db8f07d-d7cc-4f59-8f50-073709618583/results -> 422 {""message"":""The student id field is required. (and 1 more error)"",""errors"":{""student_id"":[""The stude"
api/exams/{examId}/results,POST,App\Modules\Academic\Http\Controllers\ExamController@storeResult,"api,Illuminate\Auth\Middleware\Authenticate:sanctum,App\Http\Middleware\ApiVersioning,App\Http\Middleware\ApiRateLimiter:default",False,limited,never 5xx,422,PASS,"POST /api/exams/4db8f07d-d7cc-4f59-8f50-073709618583/results -> 422 {""message"":""The student id field is required. (and 1 more error)"",""errors"":{""student_id"":[""The stude"
api/expense-requests,GET,App\Modules\FinancePayroll\Http\Controllers\ExpenseController@index,"api,Illuminate\Auth\Middleware\Authenticate:sanctum,App\Http\Middleware\ApiVersioning,App\Http\Middleware\ApiRateLimiter:default",False,noauth,401,401,PASS,"GET /api/expense-requests -> 401 {""message"":""Unauthenticated.""}"
api/expense-requests,GET,App\Modules\FinancePayroll\Http\Controllers\ExpenseController@index,"api,Illuminate\Auth\Middleware\Authenticate:sanctum,App\Http\Middleware\ApiVersioning,App\Http\Middleware\ApiRateLimiter:default",False,badauth,401,401,PASS,"GET /api/expense-requests -> 401 {""message"":""Unauthenticated.""}"
api/expense-requests,GET,App\Modules\FinancePayroll\Http\Controllers\ExpenseController@index,"api,Illuminate\Auth\Middleware\Authenticate:sanctum,App\Http\Middleware\ApiVersioning,App\Http\Middleware\ApiRateLimiter:default",False,admin,never 5xx,200,PASS,GET /api/expense-requests -> 200 []
api/expense-requests,GET,App\Modules\FinancePayroll\Http\Controllers\ExpenseController@index,"api,Illuminate\Auth\Middleware\Authenticate:sanctum,App\Http\Middleware\ApiVersioning,App\Http\Middleware\ApiRateLimiter:default",False,limited,never 5xx,200,PASS,GET /api/expense-requests -> 200 []
api/expense-requests,POST,App\Modules\FinancePayroll\Http\Controllers\ExpenseController@store,"api,Illuminate\Auth\Middleware\Authenticate:sanctum,App\Http\Middleware\ApiVersioning,App\Http\Middleware\ApiRateLimiter:default",False,noauth,401,401,PASS,"POST /api/expense-requests -> 401 {""message"":""Unauthenticated.""}"
api/expense-requests,POST,App\Modules\FinancePayroll\Http\Controllers\ExpenseController@store,"api,Illuminate\Auth\Middleware\Authenticate:sanctum,App\Http\Middleware\ApiVersioning,App\Http\Middleware\ApiRateLimiter:default",False,badauth,401,401,PASS,"POST /api/expense-requests -> 401 {""message"":""Unauthenticated.""}"
api/expense-requests,POST,App\Modules\FinancePayroll\Http\Controllers\ExpenseController@store,"api,Illuminate\Auth\Middleware\Authenticate:sanctum,App\Http\Middleware\ApiVersioning,App\Http\Middleware\ApiRateLimiter:default",False,admin,never 5xx,422,PASS,"POST /api/expense-requests -> 422 {""message"":""The title field is required. (and 3 more errors)"",""errors"":{""title"":[""The title field is"
api/expense-requests,POST,App\Modules\FinancePayroll\Http\Controllers\ExpenseController@store,"api,Illuminate\Auth\Middleware\Authenticate:sanctum,App\Http\Middleware\ApiVersioning,App\Http\Middleware\ApiRateLimiter:default",False,limited,never 5xx,422,PASS,"POST /api/expense-requests -> 422 {""message"":""The title field is required. (and 3 more errors)"",""errors"":{""title"":[""The title field is"
api/expense-requests/{id}/approve,POST,App\Modules\FinancePayroll\Http\Controllers\ExpenseController@approve,"api,Illuminate\Auth\Middleware\Authenticate:sanctum,App\Http\Middleware\ApiVersioning,App\Http\Middleware\ApiRateLimiter:default",False,noauth,401,401,PASS,"POST /api/expense-requests/515d116f-ae63-4a63-ac7e-b478d2a96cc5/approve -> 401 {""message"":""Unauthenticated.""}"
api/expense-requests/{id}/approve,POST,App\Modules\FinancePayroll\Http\Controllers\ExpenseController@approve,"api,Illuminate\Auth\Middleware\Authenticate:sanctum,App\Http\Middleware\ApiVersioning,App\Http\Middleware\ApiRateLimiter:default",False,badauth,401,401,PASS,"POST /api/expense-requests/515d116f-ae63-4a63-ac7e-b478d2a96cc5/approve -> 401 {""message"":""Unauthenticated.""}"
api/expense-requests/{id}/approve,POST,App\Modules\FinancePayroll\Http\Controllers\ExpenseController@approve,"api,Illuminate\Auth\Middleware\Authenticate:sanctum,App\Http\Middleware\ApiVersioning,App\Http\Middleware\ApiRateLimiter:default",False,admin,never 5xx,404,PASS,"POST /api/expense-requests/515d116f-ae63-4a63-ac7e-b478d2a96cc5/approve -> 404 {""message"":""Not found""}"
api/expense-requests/{id}/approve,POST,App\Modules\FinancePayroll\Http\Controllers\ExpenseController@approve,"api,Illuminate\Auth\Middleware\Authenticate:sanctum,App\Http\Middleware\ApiVersioning,App\Http\Middleware\ApiRateLimiter:default",False,limited,never 5xx,404,PASS,"POST /api/expense-requests/515d116f-ae63-4a63-ac7e-b478d2a96cc5/approve -> 404 {""message"":""Not found""}"
api/expense-requests/{id}/reject,POST,App\Modules\FinancePayroll\Http\Controllers\ExpenseController@reject,"api,Illuminate\Auth\Middleware\Authenticate:sanctum,App\Http\Middleware\ApiVersioning,App\Http\Middleware\ApiRateLimiter:default",False,noauth,401,401,PASS,"POST /api/expense-requests/39aa5133-5c5f-4186-89cf-f6033920f534/reject -> 401 {""message"":""Unauthenticated.""}"
api/expense-requests/{id}/reject,POST,App\Modules\FinancePayroll\Http\Controllers\ExpenseController@reject,"api,Illuminate\Auth\Middleware\Authenticate:sanctum,App\Http\Middleware\ApiVersioning,App\Http\Middleware\ApiRateLimiter:default",False,badauth,401,401,PASS,"POST /api/expense-requests/39aa5133-5c5f-4186-89cf-f6033920f534/reject -> 401 {""message"":""Unauthenticated.""}"
api/expense-requests/{id}/reject,POST,App\Modules\FinancePayroll\Http\Controllers\ExpenseController@reject,"api,Illuminate\Auth\Middleware\Authenticate:sanctum,App\Http\Middleware\ApiVersioning,App\Http\Middleware\ApiRateLimiter:default",False,admin,never 5xx,404,PASS,"POST /api/expense-requests/39aa5133-5c5f-4186-89cf-f6033920f534/reject -> 404 {""message"":""Not found""}"
api/expense-requests/{id}/reject,POST,App\Modules\FinancePayroll\Http\Controllers\ExpenseController@reject,"api,Illuminate\Auth\Middleware\Authenticate:sanctum,App\Http\Middleware\ApiVersioning,App\Http\Middleware\ApiRateLimiter:default",False,limited,never 5xx,404,PASS,"POST /api/expense-requests/39aa5133-5c5f-4186-89cf-f6033920f534/reject -> 404 {""message"":""Not found""}"
api/funding-campaigns,GET,App\Modules\FundingImpact\Http\Controllers\FundingController@indexCampaigns,"api,Illuminate\Auth\Middleware\Authenticate:sanctum,App\Http\Middleware\ApiVersioning,App\Http\Middleware\ApiRateLimiter:default",False,noauth,401,401,PASS,"GET /api/funding-campaigns -> 401 {""message"":""Unauthenticated.""}"
api/funding-campaigns,GET,App\Modules\FundingImpact\Http\Controllers\FundingController@indexCampaigns,"api,Illuminate\Auth\Middleware\Authenticate:sanctum,App\Http\Middleware\ApiVersioning,App\Http\Middleware\ApiRateLimiter:default",False,badauth,401,401,PASS,"GET /api/funding-campaigns -> 401 {""message"":""Unauthenticated.""}"
api/funding-campaigns,GET,App\Modules\FundingImpact\Http\Controllers\FundingController@indexCampaigns,"api,Illuminate\Auth\Middleware\Authenticate:sanctum,App\Http\Middleware\ApiVersioning,App\Http\Middleware\ApiRateLimiter:default",False,admin,never 5xx,200,PASS,"GET /api/funding-campaigns -> 200 [{""id"":""0dd5ef91-349e-465d-8ef5-40e9806e0e96"",""name"":""Winter Scholarship Fund 2026"",""description"":nu"
api/funding-campaigns,GET,App\Modules\FundingImpact\Http\Controllers\FundingController@indexCampaigns,"api,Illuminate\Auth\Middleware\Authenticate:sanctum,App\Http\Middleware\ApiVersioning,App\Http\Middleware\ApiRateLimiter:default",False,limited,never 5xx,200,PASS,"GET /api/funding-campaigns -> 200 [{""id"":""0dd5ef91-349e-465d-8ef5-40e9806e0e96"",""name"":""Winter Scholarship Fund 2026"",""description"":nu"
api/funding-campaigns,POST,App\Modules\FundingImpact\Http\Controllers\FundingController@storeCampaign,"api,Illuminate\Auth\Middleware\Authenticate:sanctum,App\Http\Middleware\ApiVersioning,App\Http\Middleware\ApiRateLimiter:default",False,noauth,401,401,PASS,"POST /api/funding-campaigns -> 401 {""message"":""Unauthenticated.""}"
api/funding-campaigns,POST,App\Modules\FundingImpact\Http\Controllers\FundingController@storeCampaign,"api,Illuminate\Auth\Middleware\Authenticate:sanctum,App\Http\Middleware\ApiVersioning,App\Http\Middleware\ApiRateLimiter:default",False,badauth,401,401,PASS,"POST /api/funding-campaigns -> 401 {""message"":""Unauthenticated.""}"
api/funding-campaigns,POST,App\Modules\FundingImpact\Http\Controllers\FundingController@storeCampaign,"api,Illuminate\Auth\Middleware\Authenticate:sanctum,App\Http\Middleware\ApiVersioning,App\Http\Middleware\ApiRateLimiter:default",False,admin,never 5xx,422,PASS,"POST /api/funding-campaigns -> 422 {""message"":""The name field is required. (and 3 more errors)"",""errors"":{""name"":[""The name field is re"
api/funding-campaigns,POST,App\Modules\FundingImpact\Http\Controllers\FundingController@storeCampaign,"api,Illuminate\Auth\Middleware\Authenticate:sanctum,App\Http\Middleware\ApiVersioning,App\Http\Middleware\ApiRateLimiter:default",False,limited,never 5xx,422,PASS,"POST /api/funding-campaigns -> 422 {""message"":""The name field is required. (and 3 more errors)"",""errors"":{""name"":[""The name field is re"
api/health,GET,App\Http\Controllers\HealthController@health,api,True,noauth,2xx/4xx per public flag,200,PASS,"GET /api/health -> 200 {""status"":""healthy"",""timestamp"":""2026-08-26T11:33:20+04:30"",""service"":""TOEFL House ERP"",""version"":""3"
api/health,GET,App\Http\Controllers\HealthController@health,api,True,badauth,2xx/4xx per public flag,200,PASS,"GET /api/health -> 200 {""status"":""healthy"",""timestamp"":""2026-08-26T11:33:20+04:30"",""service"":""TOEFL House ERP"",""version"":""3"
api/health,GET,App\Http\Controllers\HealthController@health,api,True,admin,never 5xx,200,PASS,"GET /api/health -> 200 {""status"":""healthy"",""timestamp"":""2026-08-26T11:33:21+04:30"",""service"":""TOEFL House ERP"",""version"":""3"
api/health,GET,App\Http\Controllers\HealthController@health,api,True,limited,never 5xx,200,PASS,"GET /api/health -> 200 {""status"":""healthy"",""timestamp"":""2026-08-26T11:33:21+04:30"",""service"":""TOEFL House ERP"",""version"":""3"
api/health/live,GET,App\Http\Controllers\HealthController@live,api,True,noauth,2xx/4xx per public flag,200,PASS,"GET /api/health/live -> 200 {""status"":""alive"",""timestamp"":""2026-08-26T11:33:22+04:30""}"
api/health/live,GET,App\Http\Controllers\HealthController@live,api,True,badauth,2xx/4xx per public flag,200,PASS,"GET /api/health/live -> 200 {""status"":""alive"",""timestamp"":""2026-08-26T11:33:23+04:30""}"
api/health/live,GET,App\Http\Controllers\HealthController@live,api,True,admin,never 5xx,200,PASS,"GET /api/health/live -> 200 {""status"":""alive"",""timestamp"":""2026-08-26T11:33:23+04:30""}"
api/health/live,GET,App\Http\Controllers\HealthController@live,api,True,limited,never 5xx,200,PASS,"GET /api/health/live -> 200 {""status"":""alive"",""timestamp"":""2026-08-26T11:33:24+04:30""}"
api/health/ping,GET,App\Http\Controllers\HealthController@ping,api,True,noauth,2xx/4xx per public flag,200,PASS,"GET /api/health/ping -> 200 {""status"":""ok"",""timestamp"":""2026-08-26T11:33:24+04:30"",""service"":""TOEFL House ERP""}"
api/health/ping,GET,App\Http\Controllers\HealthController@ping,api,True,badauth,2xx/4xx per public flag,200,PASS,"GET /api/health/ping -> 200 {""status"":""ok"",""timestamp"":""2026-08-26T11:33:25+04:30"",""service"":""TOEFL House ERP""}"
api/health/ping,GET,App\Http\Controllers\HealthController@ping,api,True,admin,never 5xx,200,PASS,"GET /api/health/ping -> 200 {""status"":""ok"",""timestamp"":""2026-08-26T11:33:25+04:30"",""service"":""TOEFL House ERP""}"
api/health/ping,GET,App\Http\Controllers\HealthController@ping,api,True,limited,never 5xx,200,PASS,"GET /api/health/ping -> 200 {""status"":""ok"",""timestamp"":""2026-08-26T11:33:26+04:30"",""service"":""TOEFL House ERP""}"
api/health/ready,GET,App\Http\Controllers\HealthController@ready,api,True,noauth,2xx/4xx per public flag,200,PASS,"GET /api/health/ready -> 200 {""status"":""ready"",""timestamp"":""2026-08-26T11:33:26+04:30""}"
api/health/ready,GET,App\Http\Controllers\HealthController@ready,api,True,badauth,2xx/4xx per public flag,200,PASS,"GET /api/health/ready -> 200 {""status"":""ready"",""timestamp"":""2026-08-26T11:33:27+04:30""}"
api/health/ready,GET,App\Http\Controllers\HealthController@ready,api,True,admin,never 5xx,200,PASS,"GET /api/health/ready -> 200 {""status"":""ready"",""timestamp"":""2026-08-26T11:33:28+04:30""}"
api/health/ready,GET,App\Http\Controllers\HealthController@ready,api,True,limited,never 5xx,200,PASS,"GET /api/health/ready -> 200 {""status"":""ready"",""timestamp"":""2026-08-26T11:33:28+04:30""}"
api/homework/{homeworkId},PATCH,App\Modules\Academic\Http\Controllers\HomeworkController@update,"api,Illuminate\Auth\Middleware\Authenticate:sanctum,App\Http\Middleware\ApiVersioning,App\Http\Middleware\ApiRateLimiter:default",False,noauth,401,401,PASS,"PATCH /api/homework/cf88fda9-e55f-4852-a914-f9bc1babbd81 -> 401 {""message"":""Unauthenticated.""}"
api/homework/{homeworkId},PATCH,App\Modules\Academic\Http\Controllers\HomeworkController@update,"api,Illuminate\Auth\Middleware\Authenticate:sanctum,App\Http\Middleware\ApiVersioning,App\Http\Middleware\ApiRateLimiter:default",False,badauth,401,401,PASS,"PATCH /api/homework/cf88fda9-e55f-4852-a914-f9bc1babbd81 -> 401 {""message"":""Unauthenticated.""}"
api/homework/{homeworkId},PATCH,App\Modules\Academic\Http\Controllers\HomeworkController@update,"api,Illuminate\Auth\Middleware\Authenticate:sanctum,App\Http\Middleware\ApiVersioning,App\Http\Middleware\ApiRateLimiter:default",False,admin,never 5xx,404,PASS,"PATCH /api/homework/cf88fda9-e55f-4852-a914-f9bc1babbd81 -> 404 {""message"":""Not found""}"
api/homework/{homeworkId},PATCH,App\Modules\Academic\Http\Controllers\HomeworkController@update,"api,Illuminate\Auth\Middleware\Authenticate:sanctum,App\Http\Middleware\ApiVersioning,App\Http\Middleware\ApiRateLimiter:default",False,limited,never 5xx,404,PASS,"PATCH /api/homework/cf88fda9-e55f-4852-a914-f9bc1babbd81 -> 404 {""message"":""Not found""}"
api/homework/{homeworkId}/mark-done,POST,App\Modules\Academic\Http\Controllers\HomeworkController@markDone,"api,Illuminate\Auth\Middleware\Authenticate:sanctum,App\Http\Middleware\ApiVersioning,App\Http\Middleware\ApiRateLimiter:default",False,noauth,401,401,PASS,"POST /api/homework/8ee973bd-6350-498c-97b2-005c3169a5d1/mark-done -> 401 {""message"":""Unauthenticated.""}"
api/homework/{homeworkId}/mark-done,POST,App\Modules\Academic\Http\Controllers\HomeworkController@markDone,"api,Illuminate\Auth\Middleware\Authenticate:sanctum,App\Http\Middleware\ApiVersioning,App\Http\Middleware\ApiRateLimiter:default",False,badauth,401,401,PASS,"POST /api/homework/8ee973bd-6350-498c-97b2-005c3169a5d1/mark-done -> 401 {""message"":""Unauthenticated.""}"
api/homework/{homeworkId}/mark-done,POST,App\Modules\Academic\Http\Controllers\HomeworkController@markDone,"api,Illuminate\Auth\Middleware\Authenticate:sanctum,App\Http\Middleware\ApiVersioning,App\Http\Middleware\ApiRateLimiter:default",False,admin,never 5xx,404,PASS,"POST /api/homework/8ee973bd-6350-498c-97b2-005c3169a5d1/mark-done -> 404 {""message"":""Not found""}"
api/homework/{homeworkId}/mark-done,POST,App\Modules\Academic\Http\Controllers\HomeworkController@markDone,"api,Illuminate\Auth\Middleware\Authenticate:sanctum,App\Http\Middleware\ApiVersioning,App\Http\Middleware\ApiRateLimiter:default",False,limited,never 5xx,404,PASS,"POST /api/homework/8ee973bd-6350-498c-97b2-005c3169a5d1/mark-done -> 404 {""message"":""Not found""}"
api/impact-metrics,GET,App\Modules\FundingImpact\Http\Controllers\FundingController@indexImpactMetrics,"api,Illuminate\Auth\Middleware\Authenticate:sanctum,App\Http\Middleware\ApiVersioning,App\Http\Middleware\ApiRateLimiter:default",False,noauth,401,401,PASS,"GET /api/impact-metrics -> 401 {""message"":""Unauthenticated.""}"
api/impact-metrics,GET,App\Modules\FundingImpact\Http\Controllers\FundingController@indexImpactMetrics,"api,Illuminate\Auth\Middleware\Authenticate:sanctum,App\Http\Middleware\ApiVersioning,App\Http\Middleware\ApiRateLimiter:default",False,badauth,401,401,PASS,"GET /api/impact-metrics -> 401 {""message"":""Unauthenticated.""}"
api/impact-metrics,GET,App\Modules\FundingImpact\Http\Controllers\FundingController@indexImpactMetrics,"api,Illuminate\Auth\Middleware\Authenticate:sanctum,App\Http\Middleware\ApiVersioning,App\Http\Middleware\ApiRateLimiter:default",False,admin,never 5xx,200,PASS,"GET /api/impact-metrics -> 200 [{""id"":""7a6032e1-871b-4310-bb1f-95cd51d3229b"",""name"":""Students Supported by Scholarships"",""category"""
api/impact-metrics,GET,App\Modules\FundingImpact\Http\Controllers\FundingController@indexImpactMetrics,"api,Illuminate\Auth\Middleware\Authenticate:sanctum,App\Http\Middleware\ApiVersioning,App\Http\Middleware\ApiRateLimiter:default",False,limited,never 5xx,200,PASS,"GET /api/impact-metrics -> 200 [{""id"":""7a6032e1-871b-4310-bb1f-95cd51d3229b"",""name"":""Students Supported by Scholarships"",""category"""
api/invoices,GET,App\Modules\FinancePayroll\Http\Controllers\InvoiceController@index,"api,Illuminate\Auth\Middleware\Authenticate:sanctum,App\Http\Middleware\ApiVersioning,App\Http\Middleware\ApiRateLimiter:default",False,noauth,401,401,PASS,"GET /api/invoices -> 401 {""message"":""Unauthenticated.""}"
api/invoices,GET,App\Modules\FinancePayroll\Http\Controllers\InvoiceController@index,"api,Illuminate\Auth\Middleware\Authenticate:sanctum,App\Http\Middleware\ApiVersioning,App\Http\Middleware\ApiRateLimiter:default",False,badauth,401,401,PASS,"GET /api/invoices -> 401 {""message"":""Unauthenticated.""}"
api/invoices,GET,App\Modules\FinancePayroll\Http\Controllers\InvoiceController@index,"api,Illuminate\Auth\Middleware\Authenticate:sanctum,App\Http\Middleware\ApiVersioning,App\Http\Middleware\ApiRateLimiter:default",False,admin,never 5xx,200,PASS,GET /api/invoices -> 200 []
api/invoices,GET,App\Modules\FinancePayroll\Http\Controllers\InvoiceController@index,"api,Illuminate\Auth\Middleware\Authenticate:sanctum,App\Http\Middleware\ApiVersioning,App\Http\Middleware\ApiRateLimiter:default",False,limited,never 5xx,200,PASS,GET /api/invoices -> 200 []
api/invoices,POST,App\Modules\FinancePayroll\Http\Controllers\InvoiceController@store,"api,Illuminate\Auth\Middleware\Authenticate:sanctum,App\Http\Middleware\ApiVersioning,App\Http\Middleware\ApiRateLimiter:default",False,noauth,401,401,PASS,"POST /api/invoices -> 401 {""message"":""Unauthenticated.""}"
api/invoices,POST,App\Modules\FinancePayroll\Http\Controllers\InvoiceController@store,"api,Illuminate\Auth\Middleware\Authenticate:sanctum,App\Http\Middleware\ApiVersioning,App\Http\Middleware\ApiRateLimiter:default",False,badauth,401,401,PASS,"POST /api/invoices -> 401 {""message"":""Unauthenticated.""}"
api/invoices,POST,App\Modules\FinancePayroll\Http\Controllers\InvoiceController@store,"api,Illuminate\Auth\Middleware\Authenticate:sanctum,App\Http\Middleware\ApiVersioning,App\Http\Middleware\ApiRateLimiter:default",False,admin,never 5xx,422,PASS,"POST /api/invoices -> 422 {""message"":""The student id field is required. (and 3 more errors)"",""errors"":{""student_id"":[""The stud"
api/invoices,POST,App\Modules\FinancePayroll\Http\Controllers\InvoiceController@store,"api,Illuminate\Auth\Middleware\Authenticate:sanctum,App\Http\Middleware\ApiVersioning,App\Http\Middleware\ApiRateLimiter:default",False,limited,never 5xx,422,PASS,"POST /api/invoices -> 422 {""message"":""The student id field is required. (and 3 more errors)"",""errors"":{""student_id"":[""The stud"
api/invoices/{id}/mark-paid,POST,App\Modules\FinancePayroll\Http\Controllers\InvoiceController@markPaid,"api,Illuminate\Auth\Middleware\Authenticate:sanctum,App\Http\Middleware\ApiVersioning,App\Http\Middleware\ApiRateLimiter:default",False,noauth,401,401,PASS,"POST /api/invoices/e151838b-8ecf-451f-8c70-450524b184ed/mark-paid -> 401 {""message"":""Unauthenticated.""}"
api/invoices/{id}/mark-paid,POST,App\Modules\FinancePayroll\Http\Controllers\InvoiceController@markPaid,"api,Illuminate\Auth\Middleware\Authenticate:sanctum,App\Http\Middleware\ApiVersioning,App\Http\Middleware\ApiRateLimiter:default",False,badauth,401,401,PASS,"POST /api/invoices/e151838b-8ecf-451f-8c70-450524b184ed/mark-paid -> 401 {""message"":""Unauthenticated.""}"
api/invoices/{id}/mark-paid,POST,App\Modules\FinancePayroll\Http\Controllers\InvoiceController@markPaid,"api,Illuminate\Auth\Middleware\Authenticate:sanctum,App\Http\Middleware\ApiVersioning,App\Http\Middleware\ApiRateLimiter:default",False,admin,never 5xx,404,PASS,"POST /api/invoices/e151838b-8ecf-451f-8c70-450524b184ed/mark-paid -> 404 {""message"":""Not found""}"
api/invoices/{id}/mark-paid,POST,App\Modules\FinancePayroll\Http\Controllers\InvoiceController@markPaid,"api,Illuminate\Auth\Middleware\Authenticate:sanctum,App\Http\Middleware\ApiVersioning,App\Http\Middleware\ApiRateLimiter:default",False,limited,never 5xx,404,PASS,"POST /api/invoices/e151838b-8ecf-451f-8c70-450524b184ed/mark-paid -> 404 {""message"":""Not found""}"
api/notifications,GET,App\Modules\PlatformServices\Http\Controllers\NotificationController@index,"api,Illuminate\Auth\Middleware\Authenticate:sanctum,App\Http\Middleware\ApiVersioning,App\Http\Middleware\ApiRateLimiter:default",False,noauth,401,401,PASS,"GET /api/notifications -> 401 {""message"":""Unauthenticated.""}"
api/notifications,GET,App\Modules\PlatformServices\Http\Controllers\NotificationController@index,"api,Illuminate\Auth\Middleware\Authenticate:sanctum,App\Http\Middleware\ApiVersioning,App\Http\Middleware\ApiRateLimiter:default",False,badauth,401,401,PASS,"GET /api/notifications -> 401 {""message"":""Unauthenticated.""}"
api/notifications,GET,App\Modules\PlatformServices\Http\Controllers\NotificationController@index,"api,Illuminate\Auth\Middleware\Authenticate:sanctum,App\Http\Middleware\ApiVersioning,App\Http\Middleware\ApiRateLimiter:default",False,admin,never 5xx,200,PASS,"GET /api/notifications -> 200 {""notifications"":[{""id"":""067b54ce-a896-42e7-81e5-ec2e85f45ffb"",""title"":""New Student Registered"",""mes"
api/notifications,GET,App\Modules\PlatformServices\Http\Controllers\NotificationController@index,"api,Illuminate\Auth\Middleware\Authenticate:sanctum,App\Http\Middleware\ApiVersioning,App\Http\Middleware\ApiRateLimiter:default",False,limited,never 5xx,200,PASS,"GET /api/notifications -> 200 {""notifications"":[{""id"":""067b54ce-a896-42e7-81e5-ec2e85f45ffb"",""title"":""New Student Registered"",""mes"
api/notifications/read-all,POST,App\Modules\PlatformServices\Http\Controllers\NotificationController@markAllAsRead,"api,Illuminate\Auth\Middleware\Authenticate:sanctum,App\Http\Middleware\ApiVersioning,App\Http\Middleware\ApiRateLimiter:default",False,noauth,401,401,PASS,"POST /api/notifications/read-all -> 401 {""message"":""Unauthenticated.""}"
api/notifications/read-all,POST,App\Modules\PlatformServices\Http\Controllers\NotificationController@markAllAsRead,"api,Illuminate\Auth\Middleware\Authenticate:sanctum,App\Http\Middleware\ApiVersioning,App\Http\Middleware\ApiRateLimiter:default",False,badauth,401,401,PASS,"POST /api/notifications/read-all -> 401 {""message"":""Unauthenticated.""}"
api/notifications/read-all,POST,App\Modules\PlatformServices\Http\Controllers\NotificationController@markAllAsRead,"api,Illuminate\Auth\Middleware\Authenticate:sanctum,App\Http\Middleware\ApiVersioning,App\Http\Middleware\ApiRateLimiter:default",False,admin,never 5xx,200,PASS,"POST /api/notifications/read-all -> 200 {""message"":""Marked 0 notifications as read""}"
api/notifications/read-all,POST,App\Modules\PlatformServices\Http\Controllers\NotificationController@markAllAsRead,"api,Illuminate\Auth\Middleware\Authenticate:sanctum,App\Http\Middleware\ApiVersioning,App\Http\Middleware\ApiRateLimiter:default",False,limited,never 5xx,200,PASS,"POST /api/notifications/read-all -> 200 {""message"":""Marked 0 notifications as read""}"
api/notifications/{id}/read,PATCH,App\Modules\PlatformServices\Http\Controllers\NotificationController@markAsRead,"api,Illuminate\Auth\Middleware\Authenticate:sanctum,App\Http\Middleware\ApiVersioning,App\Http\Middleware\ApiRateLimiter:default",False,noauth,401,401,PASS,"PATCH /api/notifications/067b54ce-a896-42e7-81e5-ec2e85f45ffb/read -> 401 {""message"":""Unauthenticated.""}"
api/notifications/{id}/read,PATCH,App\Modules\PlatformServices\Http\Controllers\NotificationController@markAsRead,"api,Illuminate\Auth\Middleware\Authenticate:sanctum,App\Http\Middleware\ApiVersioning,App\Http\Middleware\ApiRateLimiter:default",False,badauth,401,401,PASS,"PATCH /api/notifications/067b54ce-a896-42e7-81e5-ec2e85f45ffb/read -> 401 {""message"":""Unauthenticated.""}"
api/notifications/{id}/read,PATCH,App\Modules\PlatformServices\Http\Controllers\NotificationController@markAsRead,"api,Illuminate\Auth\Middleware\Authenticate:sanctum,App\Http\Middleware\ApiVersioning,App\Http\Middleware\ApiRateLimiter:default",False,admin,never 5xx,200,PASS,"PATCH /api/notifications/067b54ce-a896-42e7-81e5-ec2e85f45ffb/read -> 200 {""message"":""Marked as read""}"
api/notifications/{id}/read,PATCH,App\Modules\PlatformServices\Http\Controllers\NotificationController@markAsRead,"api,Illuminate\Auth\Middleware\Authenticate:sanctum,App\Http\Middleware\ApiVersioning,App\Http\Middleware\ApiRateLimiter:default",False,limited,never 5xx,200,PASS,"PATCH /api/notifications/067b54ce-a896-42e7-81e5-ec2e85f45ffb/read -> 200 {""message"":""Marked as read""}"
api/organizations,GET,App\Modules\Iam\Http\Controllers\OrganizationController@index,"api,Illuminate\Auth\Middleware\Authenticate:sanctum,App\Http\Middleware\ApiVersioning,App\Http\Middleware\ApiRateLimiter:default",False,noauth,401,401,PASS,"GET /api/organizations -> 401 {""message"":""Unauthenticated.""}"
api/organizations,GET,App\Modules\Iam\Http\Controllers\OrganizationController@index,"api,Illuminate\Auth\Middleware\Authenticate:sanctum,App\Http\Middleware\ApiVersioning,App\Http\Middleware\ApiRateLimiter:default",False,badauth,401,401,PASS,"GET /api/organizations -> 401 {""message"":""Unauthenticated.""}"
api/organizations,GET,App\Modules\Iam\Http\Controllers\OrganizationController@index,"api,Illuminate\Auth\Middleware\Authenticate:sanctum,App\Http\Middleware\ApiVersioning,App\Http\Middleware\ApiRateLimiter:default",False,admin,never 5xx,200,PASS,"GET /api/organizations -> 200 [{""id"":""01863589-8f94-4527-9fbe-4feb82d6aca3"",""name"":""TOEFL House"",""created_at"":""2026-08-26T06:02:12"
api/organizations,GET,App\Modules\Iam\Http\Controllers\OrganizationController@index,"api,Illuminate\Auth\Middleware\Authenticate:sanctum,App\Http\Middleware\ApiVersioning,App\Http\Middleware\ApiRateLimiter:default",False,limited,never 5xx,200,PASS,"GET /api/organizations -> 200 [{""id"":""01863589-8f94-4527-9fbe-4feb82d6aca3"",""name"":""TOEFL House"",""created_at"":""2026-08-26T06:02:12"
api/organizations,POST,App\Modules\Iam\Http\Controllers\OrganizationController@store,"api,Illuminate\Auth\Middleware\Authenticate:sanctum,App\Http\Middleware\ApiVersioning,App\Http\Middleware\ApiRateLimiter:default",False,noauth,401,401,PASS,"POST /api/organizations -> 401 {""message"":""Unauthenticated.""}"
api/organizations,POST,App\Modules\Iam\Http\Controllers\OrganizationController@store,"api,Illuminate\Auth\Middleware\Authenticate:sanctum,App\Http\Middleware\ApiVersioning,App\Http\Middleware\ApiRateLimiter:default",False,badauth,401,401,PASS,"POST /api/organizations -> 401 {""message"":""Unauthenticated.""}"
api/organizations,POST,App\Modules\Iam\Http\Controllers\OrganizationController@store,"api,Illuminate\Auth\Middleware\Authenticate:sanctum,App\Http\Middleware\ApiVersioning,App\Http\Middleware\ApiRateLimiter:default",False,admin,never 5xx,422,PASS,"POST /api/organizations -> 422 {""message"":""The name field is required."",""errors"":{""name"":[""The name field is required.""]}}"
api/organizations,POST,App\Modules\Iam\Http\Controllers\OrganizationController@store,"api,Illuminate\Auth\Middleware\Authenticate:sanctum,App\Http\Middleware\ApiVersioning,App\Http\Middleware\ApiRateLimiter:default",False,limited,never 5xx,422,PASS,"POST /api/organizations -> 422 {""message"":""The name field is required."",""errors"":{""name"":[""The name field is required.""]}}"
api/organizations/{id},GET,App\Modules\Iam\Http\Controllers\OrganizationController@show,"api,Illuminate\Auth\Middleware\Authenticate:sanctum,App\Http\Middleware\ApiVersioning,App\Http\Middleware\ApiRateLimiter:default",False,noauth,401,401,PASS,"GET /api/organizations/01863589-8f94-4527-9fbe-4feb82d6aca3 -> 401 {""message"":""Unauthenticated.""}"
api/organizations/{id},GET,App\Modules\Iam\Http\Controllers\OrganizationController@show,"api,Illuminate\Auth\Middleware\Authenticate:sanctum,App\Http\Middleware\ApiVersioning,App\Http\Middleware\ApiRateLimiter:default",False,badauth,401,401,PASS,"GET /api/organizations/01863589-8f94-4527-9fbe-4feb82d6aca3 -> 401 {""message"":""Unauthenticated.""}"
api/organizations/{id},GET,App\Modules\Iam\Http\Controllers\OrganizationController@show,"api,Illuminate\Auth\Middleware\Authenticate:sanctum,App\Http\Middleware\ApiVersioning,App\Http\Middleware\ApiRateLimiter:default",False,admin,never 5xx,200,PASS,"GET /api/organizations/01863589-8f94-4527-9fbe-4feb82d6aca3 -> 200 {""id"":""01863589-8f94-4527-9fbe-4feb82d6aca3"",""name"":""TOEFL House"",""created_at"":""2026-08-26T06:02:12."
api/organizations/{id},GET,App\Modules\Iam\Http\Controllers\OrganizationController@show,"api,Illuminate\Auth\Middleware\Authenticate:sanctum,App\Http\Middleware\ApiVersioning,App\Http\Middleware\ApiRateLimiter:default",False,limited,never 5xx,200,PASS,"GET /api/organizations/01863589-8f94-4527-9fbe-4feb82d6aca3 -> 200 {""id"":""01863589-8f94-4527-9fbe-4feb82d6aca3"",""name"":""TOEFL House"",""created_at"":""2026-08-26T06:02:12."
api/organizations/{id},PATCH,App\Modules\Iam\Http\Controllers\OrganizationController@update,"api,Illuminate\Auth\Middleware\Authenticate:sanctum,App\Http\Middleware\ApiVersioning,App\Http\Middleware\ApiRateLimiter:default",False,noauth,401,401,PASS,"PATCH /api/organizations/01863589-8f94-4527-9fbe-4feb82d6aca3 -> 401 {""message"":""Unauthenticated.""}"
api/organizations/{id},PATCH,App\Modules\Iam\Http\Controllers\OrganizationController@update,"api,Illuminate\Auth\Middleware\Authenticate:sanctum,App\Http\Middleware\ApiVersioning,App\Http\Middleware\ApiRateLimiter:default",False,badauth,401,401,PASS,"PATCH /api/organizations/01863589-8f94-4527-9fbe-4feb82d6aca3 -> 401 {""message"":""Unauthenticated.""}"
api/organizations/{id},PATCH,App\Modules\Iam\Http\Controllers\OrganizationController@update,"api,Illuminate\Auth\Middleware\Authenticate:sanctum,App\Http\Middleware\ApiVersioning,App\Http\Middleware\ApiRateLimiter:default",False,admin,never 5xx,200,PASS,"PATCH /api/organizations/01863589-8f94-4527-9fbe-4feb82d6aca3 -> 200 {""id"":""01863589-8f94-4527-9fbe-4feb82d6aca3"",""name"":""TOEFL House"",""created_at"":""2026-08-26T06:02:12."
api/organizations/{id},PATCH,App\Modules\Iam\Http\Controllers\OrganizationController@update,"api,Illuminate\Auth\Middleware\Authenticate:sanctum,App\Http\Middleware\ApiVersioning,App\Http\Middleware\ApiRateLimiter:default",False,limited,never 5xx,200,PASS,"PATCH /api/organizations/01863589-8f94-4527-9fbe-4feb82d6aca3 -> 200 {""id"":""01863589-8f94-4527-9fbe-4feb82d6aca3"",""name"":""TOEFL House"",""created_at"":""2026-08-26T06:02:12."
api/organizations/{id},DELETE,App\Modules\Iam\Http\Controllers\OrganizationController@destroy,"api,Illuminate\Auth\Middleware\Authenticate:sanctum,App\Http\Middleware\ApiVersioning,App\Http\Middleware\ApiRateLimiter:default",False,noauth,401,401,PASS,"DELETE /api/organizations/b865e383-184a-4202-913d-a5872e6e0f60 -> 401 {""message"":""Unauthenticated.""}"
api/organizations/{id},DELETE,App\Modules\Iam\Http\Controllers\OrganizationController@destroy,"api,Illuminate\Auth\Middleware\Authenticate:sanctum,App\Http\Middleware\ApiVersioning,App\Http\Middleware\ApiRateLimiter:default",False,badauth,401,401,PASS,"DELETE /api/organizations/5b65e032-eb3f-4adb-835d-902023056786 -> 401 {""message"":""Unauthenticated.""}"
api/organizations/{id},DELETE,App\Modules\Iam\Http\Controllers\OrganizationController@destroy,"api,Illuminate\Auth\Middleware\Authenticate:sanctum,App\Http\Middleware\ApiVersioning,App\Http\Middleware\ApiRateLimiter:default",False,admin,never 5xx,404,PASS,"DELETE /api/organizations/a5444735-f496-4ee9-be41-1b87f7e7e838 -> 404 {
    ""message"": ""No query results for model [App\\Modules\\Iam\\Models\\Organization] a5444735-f496"
api/organizations/{id},DELETE,App\Modules\Iam\Http\Controllers\OrganizationController@destroy,"api,Illuminate\Auth\Middleware\Authenticate:sanctum,App\Http\Middleware\ApiVersioning,App\Http\Middleware\ApiRateLimiter:default",False,limited,never 5xx,404,PASS,"DELETE /api/organizations/c97233a9-42de-49b8-923b-847de9bcd696 -> 404 {
    ""message"": ""No query results for model [App\\Modules\\Iam\\Models\\Organization] c97233a9-42de"
api/payments,GET,App\Modules\FinancePayroll\Http\Controllers\PaymentController@index,"api,Illuminate\Auth\Middleware\Authenticate:sanctum,App\Http\Middleware\ApiVersioning,App\Http\Middleware\ApiRateLimiter:default",False,noauth,401,401,PASS,"GET /api/payments -> 401 {""message"":""Unauthenticated.""}"
api/payments,GET,App\Modules\FinancePayroll\Http\Controllers\PaymentController@index,"api,Illuminate\Auth\Middleware\Authenticate:sanctum,App\Http\Middleware\ApiVersioning,App\Http\Middleware\ApiRateLimiter:default",False,badauth,401,401,PASS,"GET /api/payments -> 401 {""message"":""Unauthenticated.""}"
api/payments,GET,App\Modules\FinancePayroll\Http\Controllers\PaymentController@index,"api,Illuminate\Auth\Middleware\Authenticate:sanctum,App\Http\Middleware\ApiVersioning,App\Http\Middleware\ApiRateLimiter:default",False,admin,never 5xx,200,PASS,"GET /api/payments -> 200 [{""id"":""40aea646-6c8b-4342-b550-942590fedd9f"",""student_id"":""01a03ccc-183a-736c-b446-93e4bd31ddb8"",""i"
api/payments,GET,App\Modules\FinancePayroll\Http\Controllers\PaymentController@index,"api,Illuminate\Auth\Middleware\Authenticate:sanctum,App\Http\Middleware\ApiVersioning,App\Http\Middleware\ApiRateLimiter:default",False,limited,never 5xx,200,PASS,"GET /api/payments -> 200 [{""id"":""40aea646-6c8b-4342-b550-942590fedd9f"",""student_id"":""01a03ccc-183a-736c-b446-93e4bd31ddb8"",""i"
api/payments,POST,App\Modules\FinancePayroll\Http\Controllers\PaymentController@store,"api,Illuminate\Auth\Middleware\Authenticate:sanctum,App\Http\Middleware\ApiVersioning,App\Http\Middleware\ApiRateLimiter:default",False,noauth,401,401,PASS,"POST /api/payments -> 401 {""message"":""Unauthenticated.""}"
api/payments,POST,App\Modules\FinancePayroll\Http\Controllers\PaymentController@store,"api,Illuminate\Auth\Middleware\Authenticate:sanctum,App\Http\Middleware\ApiVersioning,App\Http\Middleware\ApiRateLimiter:default",False,badauth,401,401,PASS,"POST /api/payments -> 401 {""message"":""Unauthenticated.""}"
api/payments,POST,App\Modules\FinancePayroll\Http\Controllers\PaymentController@store,"api,Illuminate\Auth\Middleware\Authenticate:sanctum,App\Http\Middleware\ApiVersioning,App\Http\Middleware\ApiRateLimiter:default",False,admin,never 5xx,422,PASS,"POST /api/payments -> 422 {""message"":""The amount field is required. (and 4 more errors)"",""errors"":{""amount"":[""The amount field"
api/payments,POST,App\Modules\FinancePayroll\Http\Controllers\PaymentController@store,"api,Illuminate\Auth\Middleware\Authenticate:sanctum,App\Http\Middleware\ApiVersioning,App\Http\Middleware\ApiRateLimiter:default",False,limited,never 5xx,422,PASS,"POST /api/payments -> 422 {""message"":""The amount field is required. (and 4 more errors)"",""errors"":{""amount"":[""The amount field"
api/payroll/ledger,GET,App\Modules\FinancePayroll\Http\Controllers\PaymentController@payrollLedger,"api,Illuminate\Auth\Middleware\Authenticate:sanctum,App\Http\Middleware\ApiVersioning,App\Http\Middleware\ApiRateLimiter:default",False,noauth,401,401,PASS,"GET /api/payroll/ledger -> 401 {""message"":""Unauthenticated.""}"
api/payroll/ledger,GET,App\Modules\FinancePayroll\Http\Controllers\PaymentController@payrollLedger,"api,Illuminate\Auth\Middleware\Authenticate:sanctum,App\Http\Middleware\ApiVersioning,App\Http\Middleware\ApiRateLimiter:default",False,badauth,401,401,PASS,"GET /api/payroll/ledger -> 401 {""message"":""Unauthenticated.""}"
api/payroll/ledger,GET,App\Modules\FinancePayroll\Http\Controllers\PaymentController@payrollLedger,"api,Illuminate\Auth\Middleware\Authenticate:sanctum,App\Http\Middleware\ApiVersioning,App\Http\Middleware\ApiRateLimiter:default",False,admin,never 5xx,200,PASS,"GET /api/payroll/ledger -> 200 [{""id"":""cc2aff63-7d0e-49b7-85b3-d10284791b1e"",""teacher_id"":""d2046fc7-82bb-4b8e-8b5e-1b24837628ef"",""p"
api/payroll/ledger,GET,App\Modules\FinancePayroll\Http\Controllers\PaymentController@payrollLedger,"api,Illuminate\Auth\Middleware\Authenticate:sanctum,App\Http\Middleware\ApiVersioning,App\Http\Middleware\ApiRateLimiter:default",False,limited,never 5xx,200,PASS,"GET /api/payroll/ledger -> 200 [{""id"":""cc2aff63-7d0e-49b7-85b3-d10284791b1e"",""teacher_id"":""d2046fc7-82bb-4b8e-8b5e-1b24837628ef"",""p"
api/payroll/process,POST,App\Modules\FinancePayroll\Http\Controllers\PaymentController@processPayroll,"api,Illuminate\Auth\Middleware\Authenticate:sanctum,App\Http\Middleware\ApiVersioning,App\Http\Middleware\ApiRateLimiter:default",False,noauth,401,401,PASS,"POST /api/payroll/process -> 401 {""message"":""Unauthenticated.""}"
api/payroll/process,POST,App\Modules\FinancePayroll\Http\Controllers\PaymentController@processPayroll,"api,Illuminate\Auth\Middleware\Authenticate:sanctum,App\Http\Middleware\ApiVersioning,App\Http\Middleware\ApiRateLimiter:default",False,badauth,401,401,PASS,"POST /api/payroll/process -> 401 {""message"":""Unauthenticated.""}"
api/payroll/process,POST,App\Modules\FinancePayroll\Http\Controllers\PaymentController@processPayroll,"api,Illuminate\Auth\Middleware\Authenticate:sanctum,App\Http\Middleware\ApiVersioning,App\Http\Middleware\ApiRateLimiter:default",False,admin,never 5xx,200,PASS,"POST /api/payroll/process -> 200 {""processed"":4,""total_paid"":0,""period"":""2026-08"",""results"":[{""teacher_id"":""d2046fc7-82bb-4b8e-8b5e-1"
api/payroll/process,POST,App\Modules\FinancePayroll\Http\Controllers\PaymentController@processPayroll,"api,Illuminate\Auth\Middleware\Authenticate:sanctum,App\Http\Middleware\ApiVersioning,App\Http\Middleware\ApiRateLimiter:default",False,limited,never 5xx,200,PASS,"POST /api/payroll/process -> 200 {""processed"":4,""total_paid"":0,""period"":""2026-08"",""results"":[{""teacher_id"":""d2046fc7-82bb-4b8e-8b5e-1"
api/permissions,GET,App\Modules\Iam\Http\Controllers\RoleController@indexPermissions,"api,Illuminate\Auth\Middleware\Authenticate:sanctum,App\Http\Middleware\ApiVersioning,App\Http\Middleware\ApiRateLimiter:default",False,noauth,401,401,PASS,"GET /api/permissions -> 401 {""message"":""Unauthenticated.""}"
api/permissions,GET,App\Modules\Iam\Http\Controllers\RoleController@indexPermissions,"api,Illuminate\Auth\Middleware\Authenticate:sanctum,App\Http\Middleware\ApiVersioning,App\Http\Middleware\ApiRateLimiter:default",False,badauth,401,401,PASS,"GET /api/permissions -> 401 {""message"":""Unauthenticated.""}"
api/permissions,GET,App\Modules\Iam\Http\Controllers\RoleController@indexPermissions,"api,Illuminate\Auth\Middleware\Authenticate:sanctum,App\Http\Middleware\ApiVersioning,App\Http\Middleware\ApiRateLimiter:default",False,admin,never 5xx,200,PASS,"GET /api/permissions -> 200 [{""id"":""c0cf6928-b447-4b78-9b06-ac6ab76d45b9"",""code"":""Attendance.Edit"",""resource"":""Attendance"",""acti"
api/permissions,GET,App\Modules\Iam\Http\Controllers\RoleController@indexPermissions,"api,Illuminate\Auth\Middleware\Authenticate:sanctum,App\Http\Middleware\ApiVersioning,App\Http\Middleware\ApiRateLimiter:default",False,limited,never 5xx,200,PASS,"GET /api/permissions -> 200 [{""id"":""c0cf6928-b447-4b78-9b06-ac6ab76d45b9"",""code"":""Attendance.Edit"",""resource"":""Attendance"",""acti"
api/program-versions/{programVersionId}/promotion-rules,GET,App\Modules\Academic\Http\Controllers\PromotionController@rules,"api,Illuminate\Auth\Middleware\Authenticate:sanctum,App\Http\Middleware\ApiVersioning,App\Http\Middleware\ApiRateLimiter:default",False,noauth,401,401,PASS,"GET /api/program-versions/9d0f3e89-c59d-40fe-b81b-b54e1c0a690e/promotion-rules -> 401 {""message"":""Unauthenticated.""}"
api/program-versions/{programVersionId}/promotion-rules,GET,App\Modules\Academic\Http\Controllers\PromotionController@rules,"api,Illuminate\Auth\Middleware\Authenticate:sanctum,App\Http\Middleware\ApiVersioning,App\Http\Middleware\ApiRateLimiter:default",False,badauth,401,401,PASS,"GET /api/program-versions/9d0f3e89-c59d-40fe-b81b-b54e1c0a690e/promotion-rules -> 401 {""message"":""Unauthenticated.""}"
api/program-versions/{programVersionId}/promotion-rules,GET,App\Modules\Academic\Http\Controllers\PromotionController@rules,"api,Illuminate\Auth\Middleware\Authenticate:sanctum,App\Http\Middleware\ApiVersioning,App\Http\Middleware\ApiRateLimiter:default",False,admin,never 5xx,200,PASS,GET /api/program-versions/9d0f3e89-c59d-40fe-b81b-b54e1c0a690e/promotion-rules -> 200 []
api/program-versions/{programVersionId}/promotion-rules,GET,App\Modules\Academic\Http\Controllers\PromotionController@rules,"api,Illuminate\Auth\Middleware\Authenticate:sanctum,App\Http\Middleware\ApiVersioning,App\Http\Middleware\ApiRateLimiter:default",False,limited,never 5xx,200,PASS,GET /api/program-versions/9d0f3e89-c59d-40fe-b81b-b54e1c0a690e/promotion-rules -> 200 []
api/programs,GET,App\Modules\Academic\Http\Controllers\ProgramController@index,"api,Illuminate\Auth\Middleware\Authenticate:sanctum,App\Http\Middleware\ApiVersioning,App\Http\Middleware\ApiRateLimiter:default",False,noauth,401,401,PASS,"GET /api/programs -> 401 {""message"":""Unauthenticated.""}"
api/programs,GET,App\Modules\Academic\Http\Controllers\ProgramController@index,"api,Illuminate\Auth\Middleware\Authenticate:sanctum,App\Http\Middleware\ApiVersioning,App\Http\Middleware\ApiRateLimiter:default",False,badauth,401,401,PASS,"GET /api/programs -> 401 {""message"":""Unauthenticated.""}"
api/programs,GET,App\Modules\Academic\Http\Controllers\ProgramController@index,"api,Illuminate\Auth\Middleware\Authenticate:sanctum,App\Http\Middleware\ApiVersioning,App\Http\Middleware\ApiRateLimiter:default",False,admin,never 5xx,200,PASS,"GET /api/programs -> 200 [{""id"":""fe3024b7-7c14-4484-bdd7-2ecd87d32b9d"",""name"":""General English"",""description"":null,""duration_"
api/programs,GET,App\Modules\Academic\Http\Controllers\ProgramController@index,"api,Illuminate\Auth\Middleware\Authenticate:sanctum,App\Http\Middleware\ApiVersioning,App\Http\Middleware\ApiRateLimiter:default",False,limited,never 5xx,200,PASS,"GET /api/programs -> 200 [{""id"":""fe3024b7-7c14-4484-bdd7-2ecd87d32b9d"",""name"":""General English"",""description"":null,""duration_"
api/programs,POST,App\Modules\Academic\Http\Controllers\ProgramController@store,"api,Illuminate\Auth\Middleware\Authenticate:sanctum,App\Http\Middleware\ApiVersioning,App\Http\Middleware\ApiRateLimiter:default",False,noauth,401,401,PASS,"POST /api/programs -> 401 {""message"":""Unauthenticated.""}"
api/programs,POST,App\Modules\Academic\Http\Controllers\ProgramController@store,"api,Illuminate\Auth\Middleware\Authenticate:sanctum,App\Http\Middleware\ApiVersioning,App\Http\Middleware\ApiRateLimiter:default",False,badauth,401,401,PASS,"POST /api/programs -> 401 {""message"":""Unauthenticated.""}"
api/programs,POST,App\Modules\Academic\Http\Controllers\ProgramController@store,"api,Illuminate\Auth\Middleware\Authenticate:sanctum,App\Http\Middleware\ApiVersioning,App\Http\Middleware\ApiRateLimiter:default",False,admin,never 5xx,422,PASS,"POST /api/programs -> 422 {""message"":""The name field is required. (and 1 more error)"",""errors"":{""name"":[""The name field is req"
api/programs,POST,App\Modules\Academic\Http\Controllers\ProgramController@store,"api,Illuminate\Auth\Middleware\Authenticate:sanctum,App\Http\Middleware\ApiVersioning,App\Http\Middleware\ApiRateLimiter:default",False,limited,never 5xx,422,PASS,"POST /api/programs -> 422 {""message"":""The name field is required. (and 1 more error)"",""errors"":{""name"":[""The name field is req"
api/programs/{programId}/versions,GET,App\Modules\Academic\Http\Controllers\ProgramController@versions,"api,Illuminate\Auth\Middleware\Authenticate:sanctum,App\Http\Middleware\ApiVersioning,App\Http\Middleware\ApiRateLimiter:default",False,noauth,401,401,PASS,"GET /api/programs/fe3024b7-7c14-4484-bdd7-2ecd87d32b9d/versions -> 401 {""message"":""Unauthenticated.""}"
api/programs/{programId}/versions,GET,App\Modules\Academic\Http\Controllers\ProgramController@versions,"api,Illuminate\Auth\Middleware\Authenticate:sanctum,App\Http\Middleware\ApiVersioning,App\Http\Middleware\ApiRateLimiter:default",False,badauth,401,401,PASS,"GET /api/programs/fe3024b7-7c14-4484-bdd7-2ecd87d32b9d/versions -> 401 {""message"":""Unauthenticated.""}"
api/programs/{programId}/versions,GET,App\Modules\Academic\Http\Controllers\ProgramController@versions,"api,Illuminate\Auth\Middleware\Authenticate:sanctum,App\Http\Middleware\ApiVersioning,App\Http\Middleware\ApiRateLimiter:default",False,admin,never 5xx,200,PASS,"GET /api/programs/fe3024b7-7c14-4484-bdd7-2ecd87d32b9d/versions -> 200 [{""id"":""9d0f3e89-c59d-40fe-b81b-b54e1c0a690e"",""program_id"":""fe3024b7-7c14-4484-bdd7-2ecd87d32b9d"",""v"
api/programs/{programId}/versions,GET,App\Modules\Academic\Http\Controllers\ProgramController@versions,"api,Illuminate\Auth\Middleware\Authenticate:sanctum,App\Http\Middleware\ApiVersioning,App\Http\Middleware\ApiRateLimiter:default",False,limited,never 5xx,200,PASS,"GET /api/programs/fe3024b7-7c14-4484-bdd7-2ecd87d32b9d/versions -> 200 [{""id"":""9d0f3e89-c59d-40fe-b81b-b54e1c0a690e"",""program_id"":""fe3024b7-7c14-4484-bdd7-2ecd87d32b9d"",""v"
api/reports/certificates/{certificateId},GET,App\Http\Controllers\ReportController@certificate,"api,Illuminate\Auth\Middleware\Authenticate:sanctum,App\Http\Middleware\ApiVersioning,App\Http\Middleware\ApiRateLimiter:default,App\Http\Middleware\ApiRateLimiter:read",False,noauth,401,401,PASS,"GET /api/reports/certificates/2ad94b1c-917f-42e1-aba0-d45681a19b8f -> 401 {""message"":""Unauthenticated.""}"
api/reports/certificates/{certificateId},GET,App\Http\Controllers\ReportController@certificate,"api,Illuminate\Auth\Middleware\Authenticate:sanctum,App\Http\Middleware\ApiVersioning,App\Http\Middleware\ApiRateLimiter:default,App\Http\Middleware\ApiRateLimiter:read",False,badauth,401,401,PASS,"GET /api/reports/certificates/2ad94b1c-917f-42e1-aba0-d45681a19b8f -> 401 {""message"":""Unauthenticated.""}"
api/reports/certificates/{certificateId},GET,App\Http\Controllers\ReportController@certificate,"api,Illuminate\Auth\Middleware\Authenticate:sanctum,App\Http\Middleware\ApiVersioning,App\Http\Middleware\ApiRateLimiter:default,App\Http\Middleware\ApiRateLimiter:read",False,admin,never 5xx,200,PASS,"GET /api/reports/certificates/2ad94b1c-917f-42e1-aba0-d45681a19b8f -> 200 {""success"":true,""message"":""Certificate generated successfully"",""data"":{""view"":""reports.certificate"","
api/reports/certificates/{certificateId},GET,App\Http\Controllers\ReportController@certificate,"api,Illuminate\Auth\Middleware\Authenticate:sanctum,App\Http\Middleware\ApiVersioning,App\Http\Middleware\ApiRateLimiter:default,App\Http\Middleware\ApiRateLimiter:read",False,limited,never 5xx,200,PASS,"GET /api/reports/certificates/2ad94b1c-917f-42e1-aba0-d45681a19b8f -> 200 {""success"":true,""message"":""Certificate generated successfully"",""data"":{""view"":""reports.certificate"","
api/reports/classes/{classId}/roster,GET,App\Http\Controllers\ReportController@classRoster,"api,Illuminate\Auth\Middleware\Authenticate:sanctum,App\Http\Middleware\ApiVersioning,App\Http\Middleware\ApiRateLimiter:default,App\Http\Middleware\ApiRateLimiter:read",False,noauth,401,401,PASS,"GET /api/reports/classes/01a03ca9-8452-71d3-ae89-c7f664491055/roster -> 401 {""message"":""Unauthenticated.""}"
api/reports/classes/{classId}/roster,GET,App\Http\Controllers\ReportController@classRoster,"api,Illuminate\Auth\Middleware\Authenticate:sanctum,App\Http\Middleware\ApiVersioning,App\Http\Middleware\ApiRateLimiter:default,App\Http\Middleware\ApiRateLimiter:read",False,badauth,401,401,PASS,"GET /api/reports/classes/01a03ca9-8452-71d3-ae89-c7f664491055/roster -> 401 {""message"":""Unauthenticated.""}"
api/reports/classes/{classId}/roster,GET,App\Http\Controllers\ReportController@classRoster,"api,Illuminate\Auth\Middleware\Authenticate:sanctum,App\Http\Middleware\ApiVersioning,App\Http\Middleware\ApiRateLimiter:default,App\Http\Middleware\ApiRateLimiter:read",False,admin,never 5xx,200,PASS,"GET /api/reports/classes/01a03ca9-8452-71d3-ae89-c7f664491055/roster -> 200 {""success"":true,""message"":""Class roster generated successfully"",""data"":{""view"":""reports.class-roster"
api/reports/classes/{classId}/roster,GET,App\Http\Controllers\ReportController@classRoster,"api,Illuminate\Auth\Middleware\Authenticate:sanctum,App\Http\Middleware\ApiVersioning,App\Http\Middleware\ApiRateLimiter:default,App\Http\Middleware\ApiRateLimiter:read",False,limited,never 5xx,200,PASS,"GET /api/reports/classes/01a03ca9-8452-71d3-ae89-c7f664491055/roster -> 200 {""success"":true,""message"":""Class roster generated successfully"",""data"":{""view"":""reports.class-roster"
api/reports/financial,POST,App\Http\Controllers\ReportController@financialReport,"api,Illuminate\Auth\Middleware\Authenticate:sanctum,App\Http\Middleware\ApiVersioning,App\Http\Middleware\ApiRateLimiter:default,App\Http\Middleware\ApiRateLimiter:read",False,noauth,401,401,PASS,"POST /api/reports/financial -> 401 {""message"":""Unauthenticated.""}"
api/reports/financial,POST,App\Http\Controllers\ReportController@financialReport,"api,Illuminate\Auth\Middleware\Authenticate:sanctum,App\Http\Middleware\ApiVersioning,App\Http\Middleware\ApiRateLimiter:default,App\Http\Middleware\ApiRateLimiter:read",False,badauth,401,401,PASS,"POST /api/reports/financial -> 401 {""message"":""Unauthenticated.""}"
api/reports/financial,POST,App\Http\Controllers\ReportController@financialReport,"api,Illuminate\Auth\Middleware\Authenticate:sanctum,App\Http\Middleware\ApiVersioning,App\Http\Middleware\ApiRateLimiter:default,App\Http\Middleware\ApiRateLimiter:read",False,admin,never 5xx,422,PASS,"POST /api/reports/financial -> 422 {""message"":""The branch id field is required. (and 2 more errors)"",""errors"":{""branch_id"":[""The branch"
api/reports/financial,POST,App\Http\Controllers\ReportController@financialReport,"api,Illuminate\Auth\Middleware\Authenticate:sanctum,App\Http\Middleware\ApiVersioning,App\Http\Middleware\ApiRateLimiter:default,App\Http\Middleware\ApiRateLimiter:read",False,limited,never 5xx,422,PASS,"POST /api/reports/financial -> 422 {""message"":""The branch id field is required. (and 2 more errors)"",""errors"":{""branch_id"":[""The branch"
api/reports/payroll,POST,App\Http\Controllers\ReportController@payrollReport,"api,Illuminate\Auth\Middleware\Authenticate:sanctum,App\Http\Middleware\ApiVersioning,App\Http\Middleware\ApiRateLimiter:default,App\Http\Middleware\ApiRateLimiter:read",False,noauth,401,401,PASS,"POST /api/reports/payroll -> 401 {""message"":""Unauthenticated.""}"
api/reports/payroll,POST,App\Http\Controllers\ReportController@payrollReport,"api,Illuminate\Auth\Middleware\Authenticate:sanctum,App\Http\Middleware\ApiVersioning,App\Http\Middleware\ApiRateLimiter:default,App\Http\Middleware\ApiRateLimiter:read",False,badauth,401,401,PASS,"POST /api/reports/payroll -> 401 {""message"":""Unauthenticated.""}"
api/reports/payroll,POST,App\Http\Controllers\ReportController@payrollReport,"api,Illuminate\Auth\Middleware\Authenticate:sanctum,App\Http\Middleware\ApiVersioning,App\Http\Middleware\ApiRateLimiter:default,App\Http\Middleware\ApiRateLimiter:read",False,admin,never 5xx,422,PASS,"POST /api/reports/payroll -> 422 {""message"":""The branch id field is required. (and 1 more error)"",""errors"":{""branch_id"":[""The branch "
api/reports/payroll,POST,App\Http\Controllers\ReportController@payrollReport,"api,Illuminate\Auth\Middleware\Authenticate:sanctum,App\Http\Middleware\ApiVersioning,App\Http\Middleware\ApiRateLimiter:default,App\Http\Middleware\ApiRateLimiter:read",False,limited,never 5xx,422,PASS,"POST /api/reports/payroll -> 422 {""message"":""The branch id field is required. (and 1 more error)"",""errors"":{""branch_id"":[""The branch "
api/reports/students/{studentId}/transcript,GET,App\Http\Controllers\ReportController@studentTranscript,"api,Illuminate\Auth\Middleware\Authenticate:sanctum,App\Http\Middleware\ApiVersioning,App\Http\Middleware\ApiRateLimiter:default,App\Http\Middleware\ApiRateLimiter:read",False,noauth,401,401,PASS,"GET /api/reports/students/01a03ca9-83c7-71f3-82bb-86700427f2f6/transcript -> 401 {""message"":""Unauthenticated.""}"
api/reports/students/{studentId}/transcript,GET,App\Http\Controllers\ReportController@studentTranscript,"api,Illuminate\Auth\Middleware\Authenticate:sanctum,App\Http\Middleware\ApiVersioning,App\Http\Middleware\ApiRateLimiter:default,App\Http\Middleware\ApiRateLimiter:read",False,badauth,401,401,PASS,"GET /api/reports/students/01a03ca9-83c7-71f3-82bb-86700427f2f6/transcript -> 401 {""message"":""Unauthenticated.""}"
api/reports/students/{studentId}/transcript,GET,App\Http\Controllers\ReportController@studentTranscript,"api,Illuminate\Auth\Middleware\Authenticate:sanctum,App\Http\Middleware\ApiVersioning,App\Http\Middleware\ApiRateLimiter:default,App\Http\Middleware\ApiRateLimiter:read",False,admin,never 5xx,200,PASS,"GET /api/reports/students/01a03ca9-83c7-71f3-82bb-86700427f2f6/transcript -> 200 {""success"":true,""message"":""Student transcript generated successfully"",""data"":{""view"":""reports.studen"
api/reports/students/{studentId}/transcript,GET,App\Http\Controllers\ReportController@studentTranscript,"api,Illuminate\Auth\Middleware\Authenticate:sanctum,App\Http\Middleware\ApiVersioning,App\Http\Middleware\ApiRateLimiter:default,App\Http\Middleware\ApiRateLimiter:read",False,limited,never 5xx,200,PASS,"GET /api/reports/students/01a03ca9-83c7-71f3-82bb-86700427f2f6/transcript -> 200 {""success"":true,""message"":""Student transcript generated successfully"",""data"":{""view"":""reports.studen"
api/roles,GET,App\Modules\Iam\Http\Controllers\RoleController@indexRoles,"api,Illuminate\Auth\Middleware\Authenticate:sanctum,App\Http\Middleware\ApiVersioning,App\Http\Middleware\ApiRateLimiter:default",False,noauth,401,401,PASS,"GET /api/roles -> 401 {""message"":""Unauthenticated.""}"
api/roles,GET,App\Modules\Iam\Http\Controllers\RoleController@indexRoles,"api,Illuminate\Auth\Middleware\Authenticate:sanctum,App\Http\Middleware\ApiVersioning,App\Http\Middleware\ApiRateLimiter:default",False,badauth,401,401,PASS,"GET /api/roles -> 401 {""message"":""Unauthenticated.""}"
api/roles,GET,App\Modules\Iam\Http\Controllers\RoleController@indexRoles,"api,Illuminate\Auth\Middleware\Authenticate:sanctum,App\Http\Middleware\ApiVersioning,App\Http\Middleware\ApiRateLimiter:default",False,admin,never 5xx,200,PASS,"GET /api/roles -> 200 [{""id"":""dc88765e-97c6-4d78-8d84-d4e78a28c6fb"",""code"":""owner"",""name"":""Course Owner"",""description"":nul"
api/roles,GET,App\Modules\Iam\Http\Controllers\RoleController@indexRoles,"api,Illuminate\Auth\Middleware\Authenticate:sanctum,App\Http\Middleware\ApiVersioning,App\Http\Middleware\ApiRateLimiter:default",False,limited,never 5xx,200,PASS,"GET /api/roles -> 200 [{""id"":""dc88765e-97c6-4d78-8d84-d4e78a28c6fb"",""code"":""owner"",""name"":""Course Owner"",""description"":nul"
api/rules,GET,App\Modules\PlatformServices\Http\Controllers\RuleController@index,"api,Illuminate\Auth\Middleware\Authenticate:sanctum,App\Http\Middleware\ApiVersioning,App\Http\Middleware\ApiRateLimiter:default",False,noauth,401,401,PASS,"GET /api/rules -> 401 {""message"":""Unauthenticated.""}"
api/rules,GET,App\Modules\PlatformServices\Http\Controllers\RuleController@index,"api,Illuminate\Auth\Middleware\Authenticate:sanctum,App\Http\Middleware\ApiVersioning,App\Http\Middleware\ApiRateLimiter:default",False,badauth,401,401,PASS,"GET /api/rules -> 401 {""message"":""Unauthenticated.""}"
api/rules,GET,App\Modules\PlatformServices\Http\Controllers\RuleController@index,"api,Illuminate\Auth\Middleware\Authenticate:sanctum,App\Http\Middleware\ApiVersioning,App\Http\Middleware\ApiRateLimiter:default",False,admin,never 5xx,200,PASS,"GET /api/rules -> 200 [{""id"":""baaf67e3-f913-4a93-b48a-6c809d08b7ea"",""name"":""Discount Cap Enforcement"",""description"":""Caps "
api/rules,GET,App\Modules\PlatformServices\Http\Controllers\RuleController@index,"api,Illuminate\Auth\Middleware\Authenticate:sanctum,App\Http\Middleware\ApiVersioning,App\Http\Middleware\ApiRateLimiter:default",False,limited,never 5xx,200,PASS,"GET /api/rules -> 200 [{""id"":""baaf67e3-f913-4a93-b48a-6c809d08b7ea"",""name"":""Discount Cap Enforcement"",""description"":""Caps "
api/rules,POST,App\Modules\PlatformServices\Http\Controllers\RuleController@store,"api,Illuminate\Auth\Middleware\Authenticate:sanctum,App\Http\Middleware\ApiVersioning,App\Http\Middleware\ApiRateLimiter:default",False,noauth,401,401,PASS,"POST /api/rules -> 401 {""message"":""Unauthenticated.""}"
api/rules,POST,App\Modules\PlatformServices\Http\Controllers\RuleController@store,"api,Illuminate\Auth\Middleware\Authenticate:sanctum,App\Http\Middleware\ApiVersioning,App\Http\Middleware\ApiRateLimiter:default",False,badauth,401,401,PASS,"POST /api/rules -> 401 {""message"":""Unauthenticated.""}"
api/rules,POST,App\Modules\PlatformServices\Http\Controllers\RuleController@store,"api,Illuminate\Auth\Middleware\Authenticate:sanctum,App\Http\Middleware\ApiVersioning,App\Http\Middleware\ApiRateLimiter:default",False,admin,never 5xx,422,PASS,"POST /api/rules -> 422 {""message"":""The name field is required. (and 3 more errors)"",""errors"":{""name"":[""The name field is re"
api/rules,POST,App\Modules\PlatformServices\Http\Controllers\RuleController@store,"api,Illuminate\Auth\Middleware\Authenticate:sanctum,App\Http\Middleware\ApiVersioning,App\Http\Middleware\ApiRateLimiter:default",False,limited,never 5xx,422,PASS,"POST /api/rules -> 422 {""message"":""The name field is required. (and 3 more errors)"",""errors"":{""name"":[""The name field is re"
api/rules/{id},GET,App\Modules\PlatformServices\Http\Controllers\RuleController@show,"api,Illuminate\Auth\Middleware\Authenticate:sanctum,App\Http\Middleware\ApiVersioning,App\Http\Middleware\ApiRateLimiter:default",False,noauth,401,401,PASS,"GET /api/rules/07de21b4-e8da-441d-9c74-38d55882a576 -> 401 {""message"":""Unauthenticated.""}"
api/rules/{id},GET,App\Modules\PlatformServices\Http\Controllers\RuleController@show,"api,Illuminate\Auth\Middleware\Authenticate:sanctum,App\Http\Middleware\ApiVersioning,App\Http\Middleware\ApiRateLimiter:default",False,badauth,401,401,PASS,"GET /api/rules/07de21b4-e8da-441d-9c74-38d55882a576 -> 401 {""message"":""Unauthenticated.""}"
api/rules/{id},GET,App\Modules\PlatformServices\Http\Controllers\RuleController@show,"api,Illuminate\Auth\Middleware\Authenticate:sanctum,App\Http\Middleware\ApiVersioning,App\Http\Middleware\ApiRateLimiter:default",False,admin,never 5xx,200,PASS,"GET /api/rules/07de21b4-e8da-441d-9c74-38d55882a576 -> 200 {""rule"":{""id"":""07de21b4-e8da-441d-9c74-38d55882a576"",""name"":""Profit Withdrawal Tier \u2014 20%"",""des"
api/rules/{id},GET,App\Modules\PlatformServices\Http\Controllers\RuleController@show,"api,Illuminate\Auth\Middleware\Authenticate:sanctum,App\Http\Middleware\ApiVersioning,App\Http\Middleware\ApiRateLimiter:default",False,limited,never 5xx,200,PASS,"GET /api/rules/07de21b4-e8da-441d-9c74-38d55882a576 -> 200 {""rule"":{""id"":""07de21b4-e8da-441d-9c74-38d55882a576"",""name"":""Profit Withdrawal Tier \u2014 20%"",""des"
api/rules/{id}/evaluate,POST,App\Modules\PlatformServices\Http\Controllers\RuleController@evaluate,"api,Illuminate\Auth\Middleware\Authenticate:sanctum,App\Http\Middleware\ApiVersioning,App\Http\Middleware\ApiRateLimiter:default",False,noauth,401,401,PASS,"POST /api/rules/07de21b4-e8da-441d-9c74-38d55882a576/evaluate -> 401 {""message"":""Unauthenticated.""}"
api/rules/{id}/evaluate,POST,App\Modules\PlatformServices\Http\Controllers\RuleController@evaluate,"api,Illuminate\Auth\Middleware\Authenticate:sanctum,App\Http\Middleware\ApiVersioning,App\Http\Middleware\ApiRateLimiter:default",False,badauth,401,401,PASS,"POST /api/rules/07de21b4-e8da-441d-9c74-38d55882a576/evaluate -> 401 {""message"":""Unauthenticated.""}"
api/rules/{id}/evaluate,POST,App\Modules\PlatformServices\Http\Controllers\RuleController@evaluate,"api,Illuminate\Auth\Middleware\Authenticate:sanctum,App\Http\Middleware\ApiVersioning,App\Http\Middleware\ApiRateLimiter:default",False,admin,never 5xx,422,PASS,"POST /api/rules/07de21b4-e8da-441d-9c74-38d55882a576/evaluate -> 422 {""message"":""The data field is required."",""errors"":{""data"":[""The data field is required.""]}}"
api/rules/{id}/evaluate,POST,App\Modules\PlatformServices\Http\Controllers\RuleController@evaluate,"api,Illuminate\Auth\Middleware\Authenticate:sanctum,App\Http\Middleware\ApiVersioning,App\Http\Middleware\ApiRateLimiter:default",False,limited,never 5xx,422,PASS,"POST /api/rules/07de21b4-e8da-441d-9c74-38d55882a576/evaluate -> 422 {""message"":""The data field is required."",""errors"":{""data"":[""The data field is required.""]}}"
api/scholarships,GET,App\Modules\FundingImpact\Http\Controllers\FundingController@indexScholarships,"api,Illuminate\Auth\Middleware\Authenticate:sanctum,App\Http\Middleware\ApiVersioning,App\Http\Middleware\ApiRateLimiter:default",False,noauth,401,401,PASS,"GET /api/scholarships -> 401 {""message"":""Unauthenticated.""}"
api/scholarships,GET,App\Modules\FundingImpact\Http\Controllers\FundingController@indexScholarships,"api,Illuminate\Auth\Middleware\Authenticate:sanctum,App\Http\Middleware\ApiVersioning,App\Http\Middleware\ApiRateLimiter:default",False,badauth,401,401,PASS,"GET /api/scholarships -> 401 {""message"":""Unauthenticated.""}"
api/scholarships,GET,App\Modules\FundingImpact\Http\Controllers\FundingController@indexScholarships,"api,Illuminate\Auth\Middleware\Authenticate:sanctum,App\Http\Middleware\ApiVersioning,App\Http\Middleware\ApiRateLimiter:default",False,admin,never 5xx,200,PASS,"GET /api/scholarships -> 200 [{""id"":""a75c58c1-5464-474c-a2f3-52bfcdee5aa0"",""name"":""Merit Scholarship"",""donor_id"":null,""campaign_i"
api/scholarships,GET,App\Modules\FundingImpact\Http\Controllers\FundingController@indexScholarships,"api,Illuminate\Auth\Middleware\Authenticate:sanctum,App\Http\Middleware\ApiVersioning,App\Http\Middleware\ApiRateLimiter:default",False,limited,never 5xx,200,PASS,"GET /api/scholarships -> 200 [{""id"":""a75c58c1-5464-474c-a2f3-52bfcdee5aa0"",""name"":""Merit Scholarship"",""donor_id"":null,""campaign_i"
api/scholarships/{scholarshipId}/awards,POST,App\Modules\FundingImpact\Http\Controllers\FundingController@awardScholarship,"api,Illuminate\Auth\Middleware\Authenticate:sanctum,App\Http\Middleware\ApiVersioning,App\Http\Middleware\ApiRateLimiter:default",False,noauth,401,401,PASS,"POST /api/scholarships/a75c58c1-5464-474c-a2f3-52bfcdee5aa0/awards -> 401 {""message"":""Unauthenticated.""}"
api/scholarships/{scholarshipId}/awards,POST,App\Modules\FundingImpact\Http\Controllers\FundingController@awardScholarship,"api,Illuminate\Auth\Middleware\Authenticate:sanctum,App\Http\Middleware\ApiVersioning,App\Http\Middleware\ApiRateLimiter:default",False,badauth,401,401,PASS,"POST /api/scholarships/a75c58c1-5464-474c-a2f3-52bfcdee5aa0/awards -> 401 {""message"":""Unauthenticated.""}"
api/scholarships/{scholarshipId}/awards,POST,App\Modules\FundingImpact\Http\Controllers\FundingController@awardScholarship,"api,Illuminate\Auth\Middleware\Authenticate:sanctum,App\Http\Middleware\ApiVersioning,App\Http\Middleware\ApiRateLimiter:default",False,admin,never 5xx,422,PASS,"POST /api/scholarships/a75c58c1-5464-474c-a2f3-52bfcdee5aa0/awards -> 422 {""message"":""The student id field is required. (and 1 more error)"",""errors"":{""student_id"":[""The stude"
api/scholarships/{scholarshipId}/awards,POST,App\Modules\FundingImpact\Http\Controllers\FundingController@awardScholarship,"api,Illuminate\Auth\Middleware\Authenticate:sanctum,App\Http\Middleware\ApiVersioning,App\Http\Middleware\ApiRateLimiter:default",False,limited,never 5xx,422,PASS,"POST /api/scholarships/a75c58c1-5464-474c-a2f3-52bfcdee5aa0/awards -> 422 {""message"":""The student id field is required. (and 1 more error)"",""errors"":{""student_id"":[""The stude"
api/search,GET,App\Modules\PlatformServices\Http\Controllers\SearchController@globalSearch,"api,Illuminate\Auth\Middleware\Authenticate:sanctum,App\Http\Middleware\ApiVersioning,App\Http\Middleware\ApiRateLimiter:default",False,noauth,401,401,PASS,"GET /api/search -> 401 {""message"":""Unauthenticated.""}"
api/search,GET,App\Modules\PlatformServices\Http\Controllers\SearchController@globalSearch,"api,Illuminate\Auth\Middleware\Authenticate:sanctum,App\Http\Middleware\ApiVersioning,App\Http\Middleware\ApiRateLimiter:default",False,badauth,401,401,PASS,"GET /api/search -> 401 {""message"":""Unauthenticated.""}"
api/search,GET,App\Modules\PlatformServices\Http\Controllers\SearchController@globalSearch,"api,Illuminate\Auth\Middleware\Authenticate:sanctum,App\Http\Middleware\ApiVersioning,App\Http\Middleware\ApiRateLimiter:default",False,admin,never 5xx,200,PASS,"GET /api/search -> 200 {""results"":[],""total"":0}"
api/search,GET,App\Modules\PlatformServices\Http\Controllers\SearchController@globalSearch,"api,Illuminate\Auth\Middleware\Authenticate:sanctum,App\Http\Middleware\ApiVersioning,App\Http\Middleware\ApiRateLimiter:default",False,limited,never 5xx,200,PASS,"GET /api/search -> 200 {""results"":[],""total"":0}"
api/sessions/{sessionId}/attendance,POST,App\Modules\Academic\Http\Controllers\SessionController@updateAttendance,"api,Illuminate\Auth\Middleware\Authenticate:sanctum,App\Http\Middleware\ApiVersioning,App\Http\Middleware\ApiRateLimiter:default",False,noauth,401,401,PASS,"POST /api/sessions/01a03ca9-845e-70a0-84fe-a68c764a13aa/attendance -> 401 {""message"":""Unauthenticated.""}"
api/sessions/{sessionId}/attendance,POST,App\Modules\Academic\Http\Controllers\SessionController@updateAttendance,"api,Illuminate\Auth\Middleware\Authenticate:sanctum,App\Http\Middleware\ApiVersioning,App\Http\Middleware\ApiRateLimiter:default",False,badauth,401,401,PASS,"POST /api/sessions/01a03ca9-845e-70a0-84fe-a68c764a13aa/attendance -> 401 {""message"":""Unauthenticated.""}"
api/sessions/{sessionId}/attendance,POST,App\Modules\Academic\Http\Controllers\SessionController@updateAttendance,"api,Illuminate\Auth\Middleware\Authenticate:sanctum,App\Http\Middleware\ApiVersioning,App\Http\Middleware\ApiRateLimiter:default",False,admin,never 5xx,422,PASS,"POST /api/sessions/01a03ca9-845e-70a0-84fe-a68c764a13aa/attendance -> 422 {""message"":""The attendance field is required."",""errors"":{""attendance"":[""The attendance field is requ"
api/sessions/{sessionId}/attendance,POST,App\Modules\Academic\Http\Controllers\SessionController@updateAttendance,"api,Illuminate\Auth\Middleware\Authenticate:sanctum,App\Http\Middleware\ApiVersioning,App\Http\Middleware\ApiRateLimiter:default",False,limited,never 5xx,422,PASS,"POST /api/sessions/01a03ca9-845e-70a0-84fe-a68c764a13aa/attendance -> 422 {""message"":""The attendance field is required."",""errors"":{""attendance"":[""The attendance field is requ"
api/sessions/{sessionId}/roster,GET,App\Modules\Academic\Http\Controllers\SessionController@roster,"api,Illuminate\Auth\Middleware\Authenticate:sanctum,App\Http\Middleware\ApiVersioning,App\Http\Middleware\ApiRateLimiter:default",False,noauth,401,401,PASS,"GET /api/sessions/01a03ca9-845e-70a0-84fe-a68c764a13aa/roster -> 401 {""message"":""Unauthenticated.""}"
api/sessions/{sessionId}/roster,GET,App\Modules\Academic\Http\Controllers\SessionController@roster,"api,Illuminate\Auth\Middleware\Authenticate:sanctum,App\Http\Middleware\ApiVersioning,App\Http\Middleware\ApiRateLimiter:default",False,badauth,401,401,PASS,"GET /api/sessions/01a03ca9-845e-70a0-84fe-a68c764a13aa/roster -> 401 {""message"":""Unauthenticated.""}"
api/sessions/{sessionId}/roster,GET,App\Modules\Academic\Http\Controllers\SessionController@roster,"api,Illuminate\Auth\Middleware\Authenticate:sanctum,App\Http\Middleware\ApiVersioning,App\Http\Middleware\ApiRateLimiter:default",False,admin,never 5xx,200,PASS,GET /api/sessions/01a03ca9-845e-70a0-84fe-a68c764a13aa/roster -> 200 []
api/sessions/{sessionId}/roster,GET,App\Modules\Academic\Http\Controllers\SessionController@roster,"api,Illuminate\Auth\Middleware\Authenticate:sanctum,App\Http\Middleware\ApiVersioning,App\Http\Middleware\ApiRateLimiter:default",False,limited,never 5xx,200,PASS,GET /api/sessions/01a03ca9-845e-70a0-84fe-a68c764a13aa/roster -> 200 []
api/settings,GET,App\Modules\PlatformServices\Http\Controllers\SettingsController@index,"api,Illuminate\Auth\Middleware\Authenticate:sanctum,App\Http\Middleware\ApiVersioning,App\Http\Middleware\ApiRateLimiter:default",False,noauth,401,401,PASS,"GET /api/settings -> 401 {""message"":""Unauthenticated.""}"
api/settings,GET,App\Modules\PlatformServices\Http\Controllers\SettingsController@index,"api,Illuminate\Auth\Middleware\Authenticate:sanctum,App\Http\Middleware\ApiVersioning,App\Http\Middleware\ApiRateLimiter:default",False,badauth,401,401,PASS,"GET /api/settings -> 401 {""message"":""Unauthenticated.""}"
api/settings,GET,App\Modules\PlatformServices\Http\Controllers\SettingsController@index,"api,Illuminate\Auth\Middleware\Authenticate:sanctum,App\Http\Middleware\ApiVersioning,App\Http\Middleware\ApiRateLimiter:default",False,admin,never 5xx,200,PASS,"GET /api/settings -> 200 {""daily_saving_percent"":""5"",""saving_balance"":""128375"",""main_account_balance"":""890000"",""reserve_fund_"
api/settings,GET,App\Modules\PlatformServices\Http\Controllers\SettingsController@index,"api,Illuminate\Auth\Middleware\Authenticate:sanctum,App\Http\Middleware\ApiVersioning,App\Http\Middleware\ApiRateLimiter:default",False,limited,never 5xx,200,PASS,"GET /api/settings -> 200 {""daily_saving_percent"":""5"",""saving_balance"":""128375"",""main_account_balance"":""890000"",""reserve_fund_"
api/settings/batch,POST,App\Modules\PlatformServices\Http\Controllers\SettingsController@batchUpdate,"api,Illuminate\Auth\Middleware\Authenticate:sanctum,App\Http\Middleware\ApiVersioning,App\Http\Middleware\ApiRateLimiter:default",False,noauth,401,401,PASS,"POST /api/settings/batch -> 401 {""message"":""Unauthenticated.""}"
api/settings/batch,POST,App\Modules\PlatformServices\Http\Controllers\SettingsController@batchUpdate,"api,Illuminate\Auth\Middleware\Authenticate:sanctum,App\Http\Middleware\ApiVersioning,App\Http\Middleware\ApiRateLimiter:default",False,badauth,401,401,PASS,"POST /api/settings/batch -> 401 {""message"":""Unauthenticated.""}"
api/settings/batch,POST,App\Modules\PlatformServices\Http\Controllers\SettingsController@batchUpdate,"api,Illuminate\Auth\Middleware\Authenticate:sanctum,App\Http\Middleware\ApiVersioning,App\Http\Middleware\ApiRateLimiter:default",False,admin,never 5xx,422,PASS,"POST /api/settings/batch -> 422 {""message"":""The settings field is required."",""errors"":{""settings"":[""The settings field is required."""
api/settings/batch,POST,App\Modules\PlatformServices\Http\Controllers\SettingsController@batchUpdate,"api,Illuminate\Auth\Middleware\Authenticate:sanctum,App\Http\Middleware\ApiVersioning,App\Http\Middleware\ApiRateLimiter:default",False,limited,never 5xx,422,PASS,"POST /api/settings/batch -> 422 {""message"":""The settings field is required."",""errors"":{""settings"":[""The settings field is required."""
api/settings/{key},GET,App\Modules\PlatformServices\Http\Controllers\SettingsController@show,"api,Illuminate\Auth\Middleware\Authenticate:sanctum,App\Http\Middleware\ApiVersioning,App\Http\Middleware\ApiRateLimiter:default",False,noauth,401,401,PASS,"GET /api/settings/maintenance_mode -> 401 {""message"":""Unauthenticated.""}"
api/settings/{key},GET,App\Modules\PlatformServices\Http\Controllers\SettingsController@show,"api,Illuminate\Auth\Middleware\Authenticate:sanctum,App\Http\Middleware\ApiVersioning,App\Http\Middleware\ApiRateLimiter:default",False,badauth,401,401,PASS,"GET /api/settings/maintenance_mode -> 401 {""message"":""Unauthenticated.""}"
api/settings/{key},GET,App\Modules\PlatformServices\Http\Controllers\SettingsController@show,"api,Illuminate\Auth\Middleware\Authenticate:sanctum,App\Http\Middleware\ApiVersioning,App\Http\Middleware\ApiRateLimiter:default",False,admin,never 5xx,404,WARN,"GET /api/settings/maintenance_mode -> 404 {""message"":""Setting not found""}"
api/settings/{key},GET,App\Modules\PlatformServices\Http\Controllers\SettingsController@show,"api,Illuminate\Auth\Middleware\Authenticate:sanctum,App\Http\Middleware\ApiVersioning,App\Http\Middleware\ApiRateLimiter:default",False,limited,never 5xx,404,WARN,"GET /api/settings/maintenance_mode -> 404 {""message"":""Setting not found""}"
api/settings/{key},PATCH,App\Modules\PlatformServices\Http\Controllers\SettingsController@update,"api,Illuminate\Auth\Middleware\Authenticate:sanctum,App\Http\Middleware\ApiVersioning,App\Http\Middleware\ApiRateLimiter:default",False,noauth,401,401,PASS,"PATCH /api/settings/maintenance_mode -> 401 {""message"":""Unauthenticated.""}"
api/settings/{key},PATCH,App\Modules\PlatformServices\Http\Controllers\SettingsController@update,"api,Illuminate\Auth\Middleware\Authenticate:sanctum,App\Http\Middleware\ApiVersioning,App\Http\Middleware\ApiRateLimiter:default",False,badauth,401,401,PASS,"PATCH /api/settings/maintenance_mode -> 401 {""message"":""Unauthenticated.""}"
api/settings/{key},PATCH,App\Modules\PlatformServices\Http\Controllers\SettingsController@update,"api,Illuminate\Auth\Middleware\Authenticate:sanctum,App\Http\Middleware\ApiVersioning,App\Http\Middleware\ApiRateLimiter:default",False,admin,never 5xx,422,PASS,"PATCH /api/settings/maintenance_mode -> 422 {""message"":""The value field is required."",""errors"":{""value"":[""The value field is required.""]}}"
api/settings/{key},PATCH,App\Modules\PlatformServices\Http\Controllers\SettingsController@update,"api,Illuminate\Auth\Middleware\Authenticate:sanctum,App\Http\Middleware\ApiVersioning,App\Http\Middleware\ApiRateLimiter:default",False,limited,never 5xx,422,PASS,"PATCH /api/settings/maintenance_mode -> 422 {""message"":""The value field is required."",""errors"":{""value"":[""The value field is required.""]}}"
api/students,GET,App\Modules\Academic\Http\Controllers\StudentController@index,"api,Illuminate\Auth\Middleware\Authenticate:sanctum,App\Http\Middleware\ApiVersioning,App\Http\Middleware\ApiRateLimiter:default",False,noauth,401,401,PASS,"GET /api/students -> 401 {""message"":""Unauthenticated.""}"
api/students,GET,App\Modules\Academic\Http\Controllers\StudentController@index,"api,Illuminate\Auth\Middleware\Authenticate:sanctum,App\Http\Middleware\ApiVersioning,App\Http\Middleware\ApiRateLimiter:default",False,badauth,401,401,PASS,"GET /api/students -> 401 {""message"":""Unauthenticated.""}"
api/students,GET,App\Modules\Academic\Http\Controllers\StudentController@index,"api,Illuminate\Auth\Middleware\Authenticate:sanctum,App\Http\Middleware\ApiVersioning,App\Http\Middleware\ApiRateLimiter:default",False,admin,never 5xx,200,PASS,"GET /api/students -> 200 [{""id"":""01a03ccf-a4cd-7053-b0d7-149b46e9d212"",""student_code"":""STU-2026-0022"",""full_name"":""Transcript"
api/students,GET,App\Modules\Academic\Http\Controllers\StudentController@index,"api,Illuminate\Auth\Middleware\Authenticate:sanctum,App\Http\Middleware\ApiVersioning,App\Http\Middleware\ApiRateLimiter:default",False,limited,never 5xx,200,PASS,"GET /api/students -> 200 [{""id"":""01a03ccf-a4cd-7053-b0d7-149b46e9d212"",""student_code"":""STU-2026-0022"",""full_name"":""Transcript"
api/students,POST,App\Modules\Academic\Http\Controllers\StudentController@store,"api,Illuminate\Auth\Middleware\Authenticate:sanctum,App\Http\Middleware\ApiVersioning,App\Http\Middleware\ApiRateLimiter:default",False,noauth,401,401,PASS,"POST /api/students -> 401 {""message"":""Unauthenticated.""}"
api/students,POST,App\Modules\Academic\Http\Controllers\StudentController@store,"api,Illuminate\Auth\Middleware\Authenticate:sanctum,App\Http\Middleware\ApiVersioning,App\Http\Middleware\ApiRateLimiter:default",False,badauth,401,401,PASS,"POST /api/students -> 401 {""message"":""Unauthenticated.""}"
api/students,POST,App\Modules\Academic\Http\Controllers\StudentController@store,"api,Illuminate\Auth\Middleware\Authenticate:sanctum,App\Http\Middleware\ApiVersioning,App\Http\Middleware\ApiRateLimiter:default",False,admin,never 5xx,422,PASS,"POST /api/students -> 422 {""message"":""The full name field is required. (and 1 more error)"",""errors"":{""full_name"":[""The full na"
api/students,POST,App\Modules\Academic\Http\Controllers\StudentController@store,"api,Illuminate\Auth\Middleware\Authenticate:sanctum,App\Http\Middleware\ApiVersioning,App\Http\Middleware\ApiRateLimiter:default",False,limited,never 5xx,422,PASS,"POST /api/students -> 422 {""message"":""The full name field is required. (and 1 more error)"",""errors"":{""full_name"":[""The full na"
api/students/{id},GET,App\Modules\Academic\Http\Controllers\StudentController@show,"api,Illuminate\Auth\Middleware\Authenticate:sanctum,App\Http\Middleware\ApiVersioning,App\Http\Middleware\ApiRateLimiter:default",False,noauth,401,401,PASS,"GET /api/students/01a03ca9-83c7-71f3-82bb-86700427f2f6 -> 401 {""message"":""Unauthenticated.""}"
api/students/{id},GET,App\Modules\Academic\Http\Controllers\StudentController@show,"api,Illuminate\Auth\Middleware\Authenticate:sanctum,App\Http\Middleware\ApiVersioning,App\Http\Middleware\ApiRateLimiter:default",False,badauth,401,401,PASS,"GET /api/students/01a03ca9-83c7-71f3-82bb-86700427f2f6 -> 401 {""message"":""Unauthenticated.""}"
api/students/{id},GET,App\Modules\Academic\Http\Controllers\StudentController@show,"api,Illuminate\Auth\Middleware\Authenticate:sanctum,App\Http\Middleware\ApiVersioning,App\Http\Middleware\ApiRateLimiter:default",False,admin,never 5xx,200,PASS,"GET /api/students/01a03ca9-83c7-71f3-82bb-86700427f2f6 -> 200 {""id"":""01a03ca9-83c7-71f3-82bb-86700427f2f6"",""student_code"":""STU-2026-0001"",""full_name"":""Ahmad Rahim"
api/students/{id},GET,App\Modules\Academic\Http\Controllers\StudentController@show,"api,Illuminate\Auth\Middleware\Authenticate:sanctum,App\Http\Middleware\ApiVersioning,App\Http\Middleware\ApiRateLimiter:default",False,limited,never 5xx,200,PASS,"GET /api/students/01a03ca9-83c7-71f3-82bb-86700427f2f6 -> 200 {""id"":""01a03ca9-83c7-71f3-82bb-86700427f2f6"",""student_code"":""STU-2026-0001"",""full_name"":""Ahmad Rahim"
api/students/{id},PATCH,App\Modules\Academic\Http\Controllers\StudentController@update,"api,Illuminate\Auth\Middleware\Authenticate:sanctum,App\Http\Middleware\ApiVersioning,App\Http\Middleware\ApiRateLimiter:default",False,noauth,401,401,PASS,"PATCH /api/students/01a03ca9-83c7-71f3-82bb-86700427f2f6 -> 401 {""message"":""Unauthenticated.""}"
api/students/{id},PATCH,App\Modules\Academic\Http\Controllers\StudentController@update,"api,Illuminate\Auth\Middleware\Authenticate:sanctum,App\Http\Middleware\ApiVersioning,App\Http\Middleware\ApiRateLimiter:default",False,badauth,401,401,PASS,"PATCH /api/students/01a03ca9-83c7-71f3-82bb-86700427f2f6 -> 401 {""message"":""Unauthenticated.""}"
api/students/{id},PATCH,App\Modules\Academic\Http\Controllers\StudentController@update,"api,Illuminate\Auth\Middleware\Authenticate:sanctum,App\Http\Middleware\ApiVersioning,App\Http\Middleware\ApiRateLimiter:default",False,admin,never 5xx,200,PASS,"PATCH /api/students/01a03ca9-83c7-71f3-82bb-86700427f2f6 -> 200 {""id"":""01a03ca9-83c7-71f3-82bb-86700427f2f6"",""student_code"":""STU-2026-0001"",""full_name"":""Ahmad Rahim"
api/students/{id},PATCH,App\Modules\Academic\Http\Controllers\StudentController@update,"api,Illuminate\Auth\Middleware\Authenticate:sanctum,App\Http\Middleware\ApiVersioning,App\Http\Middleware\ApiRateLimiter:default",False,limited,never 5xx,200,PASS,"PATCH /api/students/01a03ca9-83c7-71f3-82bb-86700427f2f6 -> 200 {""id"":""01a03ca9-83c7-71f3-82bb-86700427f2f6"",""student_code"":""STU-2026-0001"",""full_name"":""Ahmad Rahim"
api/students/{id},DELETE,App\Modules\Academic\Http\Controllers\StudentController@destroy,"api,Illuminate\Auth\Middleware\Authenticate:sanctum,App\Http\Middleware\ApiVersioning,App\Http\Middleware\ApiRateLimiter:default",False,noauth,401,401,PASS,"DELETE /api/students/7581f251-44ca-4152-9d16-59c92d4cb957 -> 401 {""message"":""Unauthenticated.""}"
api/students/{id},DELETE,App\Modules\Academic\Http\Controllers\StudentController@destroy,"api,Illuminate\Auth\Middleware\Authenticate:sanctum,App\Http\Middleware\ApiVersioning,App\Http\Middleware\ApiRateLimiter:default",False,badauth,401,401,PASS,"DELETE /api/students/1fed1118-8a09-4781-9e7c-93914838de43 -> 401 {""message"":""Unauthenticated.""}"
api/students/{id},DELETE,App\Modules\Academic\Http\Controllers\StudentController@destroy,"api,Illuminate\Auth\Middleware\Authenticate:sanctum,App\Http\Middleware\ApiVersioning,App\Http\Middleware\ApiRateLimiter:default",False,admin,never 5xx,404,PASS,"DELETE /api/students/07dd407e-37ca-438d-88a6-2e28a0537ddc -> 404 {
    ""message"": ""No query results for model [App\\Modules\\Academic\\Models\\Student] 07dd407e-37ca"
api/students/{id},DELETE,App\Modules\Academic\Http\Controllers\StudentController@destroy,"api,Illuminate\Auth\Middleware\Authenticate:sanctum,App\Http\Middleware\ApiVersioning,App\Http\Middleware\ApiRateLimiter:default",False,limited,never 5xx,404,PASS,"DELETE /api/students/6ffba5a1-af70-499d-8334-5176c04f200b -> 404 {
    ""message"": ""No query results for model [App\\Modules\\Academic\\Models\\Student] 6ffba5a1-af70"
api/students/{id}/enroll,POST,App\Modules\Academic\Http\Controllers\StudentController@enroll,"api,Illuminate\Auth\Middleware\Authenticate:sanctum,App\Http\Middleware\ApiVersioning,App\Http\Middleware\ApiRateLimiter:default",False,noauth,401,401,PASS,"POST /api/students/01a03ca9-83c7-71f3-82bb-86700427f2f6/enroll -> 401 {""message"":""Unauthenticated.""}"
api/students/{id}/enroll,POST,App\Modules\Academic\Http\Controllers\StudentController@enroll,"api,Illuminate\Auth\Middleware\Authenticate:sanctum,App\Http\Middleware\ApiVersioning,App\Http\Middleware\ApiRateLimiter:default",False,badauth,401,401,PASS,"POST /api/students/01a03ca9-83c7-71f3-82bb-86700427f2f6/enroll -> 401 {""message"":""Unauthenticated.""}"
api/students/{id}/enroll,POST,App\Modules\Academic\Http\Controllers\StudentController@enroll,"api,Illuminate\Auth\Middleware\Authenticate:sanctum,App\Http\Middleware\ApiVersioning,App\Http\Middleware\ApiRateLimiter:default",False,admin,never 5xx,422,PASS,"POST /api/students/01a03ca9-83c7-71f3-82bb-86700427f2f6/enroll -> 422 {""message"":""The program id field is required."",""errors"":{""program_id"":[""The program id field is requ"
api/students/{id}/enroll,POST,App\Modules\Academic\Http\Controllers\StudentController@enroll,"api,Illuminate\Auth\Middleware\Authenticate:sanctum,App\Http\Middleware\ApiVersioning,App\Http\Middleware\ApiRateLimiter:default",False,limited,never 5xx,422,PASS,"POST /api/students/01a03ca9-83c7-71f3-82bb-86700427f2f6/enroll -> 422 {""message"":""The program id field is required."",""errors"":{""program_id"":[""The program id field is requ"
api/students/{id}/journey,GET,App\Modules\Academic\Http\Controllers\StudentController@journey,"api,Illuminate\Auth\Middleware\Authenticate:sanctum,App\Http\Middleware\ApiVersioning,App\Http\Middleware\ApiRateLimiter:default",False,noauth,401,401,PASS,"GET /api/students/01a03ca9-83c7-71f3-82bb-86700427f2f6/journey -> 401 {""message"":""Unauthenticated.""}"
api/students/{id}/journey,GET,App\Modules\Academic\Http\Controllers\StudentController@journey,"api,Illuminate\Auth\Middleware\Authenticate:sanctum,App\Http\Middleware\ApiVersioning,App\Http\Middleware\ApiRateLimiter:default",False,badauth,401,401,PASS,"GET /api/students/01a03ca9-83c7-71f3-82bb-86700427f2f6/journey -> 401 {""message"":""Unauthenticated.""}"
api/students/{id}/journey,GET,App\Modules\Academic\Http\Controllers\StudentController@journey,"api,Illuminate\Auth\Middleware\Authenticate:sanctum,App\Http\Middleware\ApiVersioning,App\Http\Middleware\ApiRateLimiter:default",False,admin,never 5xx,200,PASS,"GET /api/students/01a03ca9-83c7-71f3-82bb-86700427f2f6/journey -> 200 [{""id"":""01a03cdf-a103-70c1-8f6e-1d2f402c1452"",""student_id"":""01a03ca9-83c7-71f3-82bb-86700427f2f6"",""e"
api/students/{id}/journey,GET,App\Modules\Academic\Http\Controllers\StudentController@journey,"api,Illuminate\Auth\Middleware\Authenticate:sanctum,App\Http\Middleware\ApiVersioning,App\Http\Middleware\ApiRateLimiter:default",False,limited,never 5xx,200,PASS,"GET /api/students/01a03ca9-83c7-71f3-82bb-86700427f2f6/journey -> 200 [{""id"":""01a03cdf-a103-70c1-8f6e-1d2f402c1452"",""student_id"":""01a03ca9-83c7-71f3-82bb-86700427f2f6"",""e"
api/students/{studentId}/exams,GET,App\Modules\Academic\Http\Controllers\StudentController@exams,"api,Illuminate\Auth\Middleware\Authenticate:sanctum,App\Http\Middleware\ApiVersioning,App\Http\Middleware\ApiRateLimiter:default",False,noauth,401,401,PASS,"GET /api/students/01a03ca9-83c7-71f3-82bb-86700427f2f6/exams -> 401 {""message"":""Unauthenticated.""}"
api/students/{studentId}/exams,GET,App\Modules\Academic\Http\Controllers\StudentController@exams,"api,Illuminate\Auth\Middleware\Authenticate:sanctum,App\Http\Middleware\ApiVersioning,App\Http\Middleware\ApiRateLimiter:default",False,badauth,401,401,PASS,"GET /api/students/01a03ca9-83c7-71f3-82bb-86700427f2f6/exams -> 401 {""message"":""Unauthenticated.""}"
api/students/{studentId}/exams,GET,App\Modules\Academic\Http\Controllers\StudentController@exams,"api,Illuminate\Auth\Middleware\Authenticate:sanctum,App\Http\Middleware\ApiVersioning,App\Http\Middleware\ApiRateLimiter:default",False,admin,never 5xx,200,PASS,GET /api/students/01a03ca9-83c7-71f3-82bb-86700427f2f6/exams -> 200 []
api/students/{studentId}/exams,GET,App\Modules\Academic\Http\Controllers\StudentController@exams,"api,Illuminate\Auth\Middleware\Authenticate:sanctum,App\Http\Middleware\ApiVersioning,App\Http\Middleware\ApiRateLimiter:default",False,limited,never 5xx,200,PASS,GET /api/students/01a03ca9-83c7-71f3-82bb-86700427f2f6/exams -> 200 []
api/students/{studentId}/finance-summary,GET,App\Modules\FinancePayroll\Http\Controllers\PaymentController@studentFinanceSummary,"api,Illuminate\Auth\Middleware\Authenticate:sanctum,App\Http\Middleware\ApiVersioning,App\Http\Middleware\ApiRateLimiter:default",False,noauth,401,401,PASS,"GET /api/students/01a03ca9-83c7-71f3-82bb-86700427f2f6/finance-summary -> 401 {""message"":""Unauthenticated.""}"
api/students/{studentId}/finance-summary,GET,App\Modules\FinancePayroll\Http\Controllers\PaymentController@studentFinanceSummary,"api,Illuminate\Auth\Middleware\Authenticate:sanctum,App\Http\Middleware\ApiVersioning,App\Http\Middleware\ApiRateLimiter:default",False,badauth,401,401,PASS,"GET /api/students/01a03ca9-83c7-71f3-82bb-86700427f2f6/finance-summary -> 401 {""message"":""Unauthenticated.""}"
api/students/{studentId}/finance-summary,GET,App\Modules\FinancePayroll\Http\Controllers\PaymentController@studentFinanceSummary,"api,Illuminate\Auth\Middleware\Authenticate:sanctum,App\Http\Middleware\ApiVersioning,App\Http\Middleware\ApiRateLimiter:default",False,admin,never 5xx,200,PASS,"GET /api/students/01a03ca9-83c7-71f3-82bb-86700427f2f6/finance-summary -> 200 {""grossTuition"":0,""discountPercent"":9,""scholarshipPercent"":0,""discountAmount"":0,""scholarshipAmount"":"
api/students/{studentId}/finance-summary,GET,App\Modules\FinancePayroll\Http\Controllers\PaymentController@studentFinanceSummary,"api,Illuminate\Auth\Middleware\Authenticate:sanctum,App\Http\Middleware\ApiVersioning,App\Http\Middleware\ApiRateLimiter:default",False,limited,never 5xx,200,PASS,"GET /api/students/01a03ca9-83c7-71f3-82bb-86700427f2f6/finance-summary -> 200 {""grossTuition"":0,""discountPercent"":9,""scholarshipPercent"":0,""discountAmount"":0,""scholarshipAmount"":"
api/students/{studentId}/homework,GET,App\Modules\Academic\Http\Controllers\StudentController@homework,"api,Illuminate\Auth\Middleware\Authenticate:sanctum,App\Http\Middleware\ApiVersioning,App\Http\Middleware\ApiRateLimiter:default",False,noauth,401,401,PASS,"GET /api/students/01a03ca9-83c7-71f3-82bb-86700427f2f6/homework -> 401 {""message"":""Unauthenticated.""}"
api/students/{studentId}/homework,GET,App\Modules\Academic\Http\Controllers\StudentController@homework,"api,Illuminate\Auth\Middleware\Authenticate:sanctum,App\Http\Middleware\ApiVersioning,App\Http\Middleware\ApiRateLimiter:default",False,badauth,401,401,PASS,"GET /api/students/01a03ca9-83c7-71f3-82bb-86700427f2f6/homework -> 401 {""message"":""Unauthenticated.""}"
api/students/{studentId}/homework,GET,App\Modules\Academic\Http\Controllers\StudentController@homework,"api,Illuminate\Auth\Middleware\Authenticate:sanctum,App\Http\Middleware\ApiVersioning,App\Http\Middleware\ApiRateLimiter:default",False,admin,never 5xx,200,PASS,GET /api/students/01a03ca9-83c7-71f3-82bb-86700427f2f6/homework -> 200 []
api/students/{studentId}/homework,GET,App\Modules\Academic\Http\Controllers\StudentController@homework,"api,Illuminate\Auth\Middleware\Authenticate:sanctum,App\Http\Middleware\ApiVersioning,App\Http\Middleware\ApiRateLimiter:default",False,limited,never 5xx,200,PASS,GET /api/students/01a03ca9-83c7-71f3-82bb-86700427f2f6/homework -> 200 []
api/students/{studentId}/promote,POST,App\Modules\Academic\Http\Controllers\PromotionController@promote,"api,Illuminate\Auth\Middleware\Authenticate:sanctum,App\Http\Middleware\ApiVersioning,App\Http\Middleware\ApiRateLimiter:default",False,noauth,401,401,PASS,"POST /api/students/01a03ca9-83c7-71f3-82bb-86700427f2f6/promote -> 401 {""message"":""Unauthenticated.""}"
api/students/{studentId}/promote,POST,App\Modules\Academic\Http\Controllers\PromotionController@promote,"api,Illuminate\Auth\Middleware\Authenticate:sanctum,App\Http\Middleware\ApiVersioning,App\Http\Middleware\ApiRateLimiter:default",False,badauth,401,401,PASS,"POST /api/students/01a03ca9-83c7-71f3-82bb-86700427f2f6/promote -> 401 {""message"":""Unauthenticated.""}"
api/students/{studentId}/promote,POST,App\Modules\Academic\Http\Controllers\PromotionController@promote,"api,Illuminate\Auth\Middleware\Authenticate:sanctum,App\Http\Middleware\ApiVersioning,App\Http\Middleware\ApiRateLimiter:default",False,admin,never 5xx,422,PASS,"POST /api/students/01a03ca9-83c7-71f3-82bb-86700427f2f6/promote -> 422 {""message"":""The to level id field is required."",""errors"":{""to_level_id"":[""The to level id field is r"
api/students/{studentId}/promote,POST,App\Modules\Academic\Http\Controllers\PromotionController@promote,"api,Illuminate\Auth\Middleware\Authenticate:sanctum,App\Http\Middleware\ApiVersioning,App\Http\Middleware\ApiRateLimiter:default",False,limited,never 5xx,422,PASS,"POST /api/students/01a03ca9-83c7-71f3-82bb-86700427f2f6/promote -> 422 {""message"":""The to level id field is required."",""errors"":{""to_level_id"":[""The to level id field is r"
api/students/{studentId}/promotion-recommend,GET,App\Modules\Academic\Http\Controllers\PromotionController@recommend,"api,Illuminate\Auth\Middleware\Authenticate:sanctum,App\Http\Middleware\ApiVersioning,App\Http\Middleware\ApiRateLimiter:default",False,noauth,401,401,PASS,"GET /api/students/01a03ca9-83c7-71f3-82bb-86700427f2f6/promotion-recommend -> 401 {""message"":""Unauthenticated.""}"
api/students/{studentId}/promotion-recommend,GET,App\Modules\Academic\Http\Controllers\PromotionController@recommend,"api,Illuminate\Auth\Middleware\Authenticate:sanctum,App\Http\Middleware\ApiVersioning,App\Http\Middleware\ApiRateLimiter:default",False,badauth,401,401,PASS,"GET /api/students/01a03ca9-83c7-71f3-82bb-86700427f2f6/promotion-recommend -> 401 {""message"":""Unauthenticated.""}"
api/students/{studentId}/promotion-recommend,GET,App\Modules\Academic\Http\Controllers\PromotionController@recommend,"api,Illuminate\Auth\Middleware\Authenticate:sanctum,App\Http\Middleware\ApiVersioning,App\Http\Middleware\ApiRateLimiter:default",False,admin,never 5xx,422,WARN,"GET /api/students/01a03ca9-83c7-71f3-82bb-86700427f2f6/promotion-recommend -> 422 {""message"":""No active enrollment with program version""}"
api/students/{studentId}/promotion-recommend,GET,App\Modules\Academic\Http\Controllers\PromotionController@recommend,"api,Illuminate\Auth\Middleware\Authenticate:sanctum,App\Http\Middleware\ApiVersioning,App\Http\Middleware\ApiRateLimiter:default",False,limited,never 5xx,422,WARN,"GET /api/students/01a03ca9-83c7-71f3-82bb-86700427f2f6/promotion-recommend -> 422 {""message"":""No active enrollment with program version""}"
api/teachers,GET,App\Modules\PeopleHr\Http\Controllers\TeacherController@index,"api,Illuminate\Auth\Middleware\Authenticate:sanctum,App\Http\Middleware\ApiVersioning,App\Http\Middleware\ApiRateLimiter:default",False,noauth,401,401,PASS,"GET /api/teachers -> 401 {""message"":""Unauthenticated.""}"
api/teachers,GET,App\Modules\PeopleHr\Http\Controllers\TeacherController@index,"api,Illuminate\Auth\Middleware\Authenticate:sanctum,App\Http\Middleware\ApiVersioning,App\Http\Middleware\ApiRateLimiter:default",False,badauth,401,401,PASS,"GET /api/teachers -> 401 {""message"":""Unauthenticated.""}"
api/teachers,GET,App\Modules\PeopleHr\Http\Controllers\TeacherController@index,"api,Illuminate\Auth\Middleware\Authenticate:sanctum,App\Http\Middleware\ApiVersioning,App\Http\Middleware\ApiRateLimiter:default",False,admin,never 5xx,200,PASS,"GET /api/teachers -> 200 [{""id"":""d2046fc7-82bb-4b8e-8b5e-1b24837628ef"",""full_name"":""Ahmad Karimi"",""phone"":null,""email"":null,"""
api/teachers,GET,App\Modules\PeopleHr\Http\Controllers\TeacherController@index,"api,Illuminate\Auth\Middleware\Authenticate:sanctum,App\Http\Middleware\ApiVersioning,App\Http\Middleware\ApiRateLimiter:default",False,limited,never 5xx,200,PASS,"GET /api/teachers -> 200 [{""id"":""d2046fc7-82bb-4b8e-8b5e-1b24837628ef"",""full_name"":""Ahmad Karimi"",""phone"":null,""email"":null,"""
api/teachers,POST,App\Modules\PeopleHr\Http\Controllers\TeacherController@store,"api,Illuminate\Auth\Middleware\Authenticate:sanctum,App\Http\Middleware\ApiVersioning,App\Http\Middleware\ApiRateLimiter:default",False,noauth,401,401,PASS,"POST /api/teachers -> 401 {""message"":""Unauthenticated.""}"
api/teachers,POST,App\Modules\PeopleHr\Http\Controllers\TeacherController@store,"api,Illuminate\Auth\Middleware\Authenticate:sanctum,App\Http\Middleware\ApiVersioning,App\Http\Middleware\ApiRateLimiter:default",False,badauth,401,401,PASS,"POST /api/teachers -> 401 {""message"":""Unauthenticated.""}"
api/teachers,POST,App\Modules\PeopleHr\Http\Controllers\TeacherController@store,"api,Illuminate\Auth\Middleware\Authenticate:sanctum,App\Http\Middleware\ApiVersioning,App\Http\Middleware\ApiRateLimiter:default",False,admin,never 5xx,422,PASS,"POST /api/teachers -> 422 {""message"":""The full name field is required. (and 2 more errors)"",""errors"":{""full_name"":[""The full n"
api/teachers,POST,App\Modules\PeopleHr\Http\Controllers\TeacherController@store,"api,Illuminate\Auth\Middleware\Authenticate:sanctum,App\Http\Middleware\ApiVersioning,App\Http\Middleware\ApiRateLimiter:default",False,limited,never 5xx,422,PASS,"POST /api/teachers -> 422 {""message"":""The full name field is required. (and 2 more errors)"",""errors"":{""full_name"":[""The full n"
api/teachers/{id},GET,App\Modules\PeopleHr\Http\Controllers\TeacherController@show,"api,Illuminate\Auth\Middleware\Authenticate:sanctum,App\Http\Middleware\ApiVersioning,App\Http\Middleware\ApiRateLimiter:default",False,noauth,401,401,PASS,"GET /api/teachers/08b83754-a5d1-4ad2-ac97-e349dd9b102d -> 401 {""message"":""Unauthenticated.""}"
api/teachers/{id},GET,App\Modules\PeopleHr\Http\Controllers\TeacherController@show,"api,Illuminate\Auth\Middleware\Authenticate:sanctum,App\Http\Middleware\ApiVersioning,App\Http\Middleware\ApiRateLimiter:default",False,badauth,401,401,PASS,"GET /api/teachers/08b83754-a5d1-4ad2-ac97-e349dd9b102d -> 401 {""message"":""Unauthenticated.""}"
api/teachers/{id},GET,App\Modules\PeopleHr\Http\Controllers\TeacherController@show,"api,Illuminate\Auth\Middleware\Authenticate:sanctum,App\Http\Middleware\ApiVersioning,App\Http\Middleware\ApiRateLimiter:default",False,admin,never 5xx,200,PASS,"GET /api/teachers/08b83754-a5d1-4ad2-ac97-e349dd9b102d -> 200 {""id"":""08b83754-a5d1-4ad2-ac97-e349dd9b102d"",""full_name"":""Hacked"",""phone"":null,""email"":null,""base_sa"
api/teachers/{id},GET,App\Modules\PeopleHr\Http\Controllers\TeacherController@show,"api,Illuminate\Auth\Middleware\Authenticate:sanctum,App\Http\Middleware\ApiVersioning,App\Http\Middleware\ApiRateLimiter:default",False,limited,never 5xx,200,PASS,"GET /api/teachers/08b83754-a5d1-4ad2-ac97-e349dd9b102d -> 200 {""id"":""08b83754-a5d1-4ad2-ac97-e349dd9b102d"",""full_name"":""Hacked"",""phone"":null,""email"":null,""base_sa"
api/teachers/{id},PATCH,App\Modules\PeopleHr\Http\Controllers\TeacherController@update,"api,Illuminate\Auth\Middleware\Authenticate:sanctum,App\Http\Middleware\ApiVersioning,App\Http\Middleware\ApiRateLimiter:default",False,noauth,401,401,PASS,"PATCH /api/teachers/08b83754-a5d1-4ad2-ac97-e349dd9b102d -> 401 {""message"":""Unauthenticated.""}"
api/teachers/{id},PATCH,App\Modules\PeopleHr\Http\Controllers\TeacherController@update,"api,Illuminate\Auth\Middleware\Authenticate:sanctum,App\Http\Middleware\ApiVersioning,App\Http\Middleware\ApiRateLimiter:default",False,badauth,401,401,PASS,"PATCH /api/teachers/08b83754-a5d1-4ad2-ac97-e349dd9b102d -> 401 {""message"":""Unauthenticated.""}"
api/teachers/{id},PATCH,App\Modules\PeopleHr\Http\Controllers\TeacherController@update,"api,Illuminate\Auth\Middleware\Authenticate:sanctum,App\Http\Middleware\ApiVersioning,App\Http\Middleware\ApiRateLimiter:default",False,admin,never 5xx,200,PASS,"PATCH /api/teachers/08b83754-a5d1-4ad2-ac97-e349dd9b102d -> 200 {""id"":""08b83754-a5d1-4ad2-ac97-e349dd9b102d"",""full_name"":""Hacked"",""phone"":null,""email"":null,""base_sa"
api/teachers/{id},PATCH,App\Modules\PeopleHr\Http\Controllers\TeacherController@update,"api,Illuminate\Auth\Middleware\Authenticate:sanctum,App\Http\Middleware\ApiVersioning,App\Http\Middleware\ApiRateLimiter:default",False,limited,never 5xx,200,PASS,"PATCH /api/teachers/08b83754-a5d1-4ad2-ac97-e349dd9b102d -> 200 {""id"":""08b83754-a5d1-4ad2-ac97-e349dd9b102d"",""full_name"":""Hacked"",""phone"":null,""email"":null,""base_sa"
api/teachers/{id},DELETE,App\Modules\PeopleHr\Http\Controllers\TeacherController@destroy,"api,Illuminate\Auth\Middleware\Authenticate:sanctum,App\Http\Middleware\ApiVersioning,App\Http\Middleware\ApiRateLimiter:default",False,noauth,401,401,PASS,"DELETE /api/teachers/565061b6-b83f-48c9-9cef-9424fdd0934c -> 401 {""message"":""Unauthenticated.""}"
api/teachers/{id},DELETE,App\Modules\PeopleHr\Http\Controllers\TeacherController@destroy,"api,Illuminate\Auth\Middleware\Authenticate:sanctum,App\Http\Middleware\ApiVersioning,App\Http\Middleware\ApiRateLimiter:default",False,badauth,401,401,PASS,"DELETE /api/teachers/16040ff1-c3db-4488-8080-f85a594fa34e -> 401 {""message"":""Unauthenticated.""}"
api/teachers/{id},DELETE,App\Modules\PeopleHr\Http\Controllers\TeacherController@destroy,"api,Illuminate\Auth\Middleware\Authenticate:sanctum,App\Http\Middleware\ApiVersioning,App\Http\Middleware\ApiRateLimiter:default",False,admin,never 5xx,404,PASS,"DELETE /api/teachers/1c79542d-649b-4942-98ab-9af404f3420f -> 404 {
    ""message"": ""No query results for model [App\\Modules\\PeopleHr\\Models\\Teacher] 1c79542d-649b"
api/teachers/{id},DELETE,App\Modules\PeopleHr\Http\Controllers\TeacherController@destroy,"api,Illuminate\Auth\Middleware\Authenticate:sanctum,App\Http\Middleware\ApiVersioning,App\Http\Middleware\ApiRateLimiter:default",False,limited,never 5xx,404,PASS,"DELETE /api/teachers/3e7a104e-536e-4a73-88c5-fca25a8693a6 -> 404 {
    ""message"": ""No query results for model [App\\Modules\\PeopleHr\\Models\\Teacher] 3e7a104e-536e"
api/teachers/{id}/evaluations,GET,App\Modules\PeopleHr\Http\Controllers\TeacherController@evaluations,"api,Illuminate\Auth\Middleware\Authenticate:sanctum,App\Http\Middleware\ApiVersioning,App\Http\Middleware\ApiRateLimiter:default",False,noauth,401,401,PASS,"GET /api/teachers/08b83754-a5d1-4ad2-ac97-e349dd9b102d/evaluations -> 401 {""message"":""Unauthenticated.""}"
api/teachers/{id}/evaluations,GET,App\Modules\PeopleHr\Http\Controllers\TeacherController@evaluations,"api,Illuminate\Auth\Middleware\Authenticate:sanctum,App\Http\Middleware\ApiVersioning,App\Http\Middleware\ApiRateLimiter:default",False,badauth,401,401,PASS,"GET /api/teachers/08b83754-a5d1-4ad2-ac97-e349dd9b102d/evaluations -> 401 {""message"":""Unauthenticated.""}"
api/teachers/{id}/evaluations,GET,App\Modules\PeopleHr\Http\Controllers\TeacherController@evaluations,"api,Illuminate\Auth\Middleware\Authenticate:sanctum,App\Http\Middleware\ApiVersioning,App\Http\Middleware\ApiRateLimiter:default",False,admin,never 5xx,200,PASS,GET /api/teachers/08b83754-a5d1-4ad2-ac97-e349dd9b102d/evaluations -> 200 []
api/teachers/{id}/evaluations,GET,App\Modules\PeopleHr\Http\Controllers\TeacherController@evaluations,"api,Illuminate\Auth\Middleware\Authenticate:sanctum,App\Http\Middleware\ApiVersioning,App\Http\Middleware\ApiRateLimiter:default",False,limited,never 5xx,200,PASS,GET /api/teachers/08b83754-a5d1-4ad2-ac97-e349dd9b102d/evaluations -> 200 []
api/teachers/{id}/evaluations,POST,App\Modules\PeopleHr\Http\Controllers\TeacherController@storeEvaluation,"api,Illuminate\Auth\Middleware\Authenticate:sanctum,App\Http\Middleware\ApiVersioning,App\Http\Middleware\ApiRateLimiter:default",False,noauth,401,401,PASS,"POST /api/teachers/08b83754-a5d1-4ad2-ac97-e349dd9b102d/evaluations -> 401 {""message"":""Unauthenticated.""}"
api/teachers/{id}/evaluations,POST,App\Modules\PeopleHr\Http\Controllers\TeacherController@storeEvaluation,"api,Illuminate\Auth\Middleware\Authenticate:sanctum,App\Http\Middleware\ApiVersioning,App\Http\Middleware\ApiRateLimiter:default",False,badauth,401,401,PASS,"POST /api/teachers/08b83754-a5d1-4ad2-ac97-e349dd9b102d/evaluations -> 401 {""message"":""Unauthenticated.""}"
api/teachers/{id}/evaluations,POST,App\Modules\PeopleHr\Http\Controllers\TeacherController@storeEvaluation,"api,Illuminate\Auth\Middleware\Authenticate:sanctum,App\Http\Middleware\ApiVersioning,App\Http\Middleware\ApiRateLimiter:default",False,admin,never 5xx,422,PASS,"POST /api/teachers/08b83754-a5d1-4ad2-ac97-e349dd9b102d/evaluations -> 422 {""message"":""The date field is required. (and 1 more error)"",""errors"":{""date"":[""The date field is req"
api/teachers/{id}/evaluations,POST,App\Modules\PeopleHr\Http\Controllers\TeacherController@storeEvaluation,"api,Illuminate\Auth\Middleware\Authenticate:sanctum,App\Http\Middleware\ApiVersioning,App\Http\Middleware\ApiRateLimiter:default",False,limited,never 5xx,422,PASS,"POST /api/teachers/08b83754-a5d1-4ad2-ac97-e349dd9b102d/evaluations -> 422 {""message"":""The date field is required. (and 1 more error)"",""errors"":{""date"":[""The date field is req"
api/teachers/{id}/transfer,POST,App\Modules\PeopleHr\Http\Controllers\TeacherController@transfer,"api,Illuminate\Auth\Middleware\Authenticate:sanctum,App\Http\Middleware\ApiVersioning,App\Http\Middleware\ApiRateLimiter:default",False,noauth,401,401,PASS,"POST /api/teachers/08b83754-a5d1-4ad2-ac97-e349dd9b102d/transfer -> 401 {""message"":""Unauthenticated.""}"
api/teachers/{id}/transfer,POST,App\Modules\PeopleHr\Http\Controllers\TeacherController@transfer,"api,Illuminate\Auth\Middleware\Authenticate:sanctum,App\Http\Middleware\ApiVersioning,App\Http\Middleware\ApiRateLimiter:default",False,badauth,401,401,PASS,"POST /api/teachers/08b83754-a5d1-4ad2-ac97-e349dd9b102d/transfer -> 401 {""message"":""Unauthenticated.""}"
api/teachers/{id}/transfer,POST,App\Modules\PeopleHr\Http\Controllers\TeacherController@transfer,"api,Illuminate\Auth\Middleware\Authenticate:sanctum,App\Http\Middleware\ApiVersioning,App\Http\Middleware\ApiRateLimiter:default",False,admin,never 5xx,429,PASS,"POST /api/teachers/08b83754-a5d1-4ad2-ac97-e349dd9b102d/transfer -> 429 {""message"":""Too many requests. Please try again later."",""retry_after"":23}"
api/teachers/{id}/transfer,POST,App\Modules\PeopleHr\Http\Controllers\TeacherController@transfer,"api,Illuminate\Auth\Middleware\Authenticate:sanctum,App\Http\Middleware\ApiVersioning,App\Http\Middleware\ApiRateLimiter:default",False,limited,never 5xx,422,PASS,"POST /api/teachers/08b83754-a5d1-4ad2-ac97-e349dd9b102d/transfer -> 422 {""message"":""The new branch id field is required. (and 1 more error)"",""errors"":{""new_branch_id"":[""The"
api/teachers/{teacherId}/computed-salary,GET,App\Modules\FinancePayroll\Http\Controllers\PaymentController@teacherComputedSalary,"api,Illuminate\Auth\Middleware\Authenticate:sanctum,App\Http\Middleware\ApiVersioning,App\Http\Middleware\ApiRateLimiter:default",False,noauth,401,401,PASS,"GET /api/teachers/08b83754-a5d1-4ad2-ac97-e349dd9b102d/computed-salary -> 401 {""message"":""Unauthenticated.""}"
api/teachers/{teacherId}/computed-salary,GET,App\Modules\FinancePayroll\Http\Controllers\PaymentController@teacherComputedSalary,"api,Illuminate\Auth\Middleware\Authenticate:sanctum,App\Http\Middleware\ApiVersioning,App\Http\Middleware\ApiRateLimiter:default",False,badauth,401,401,PASS,"GET /api/teachers/08b83754-a5d1-4ad2-ac97-e349dd9b102d/computed-salary -> 401 {""message"":""Unauthenticated.""}"
api/teachers/{teacherId}/computed-salary,GET,App\Modules\FinancePayroll\Http\Controllers\PaymentController@teacherComputedSalary,"api,Illuminate\Auth\Middleware\Authenticate:sanctum,App\Http\Middleware\ApiVersioning,App\Http\Middleware\ApiRateLimiter:default",False,admin,never 5xx,200,PASS,"GET /api/teachers/08b83754-a5d1-4ad2-ac97-e349dd9b102d/computed-salary -> 200 {""dueAmount"":0,""model"":""per_session"",""breakdown"":[]}"
api/teachers/{teacherId}/computed-salary,GET,App\Modules\FinancePayroll\Http\Controllers\PaymentController@teacherComputedSalary,"api,Illuminate\Auth\Middleware\Authenticate:sanctum,App\Http\Middleware\ApiVersioning,App\Http\Middleware\ApiRateLimiter:default",False,limited,never 5xx,200,PASS,"GET /api/teachers/08b83754-a5d1-4ad2-ac97-e349dd9b102d/computed-salary -> 200 {""dueAmount"":0,""model"":""per_session"",""breakdown"":[]}"
api/teachers/{teacherId}/pay-salary,POST,App\Modules\FinancePayroll\Http\Controllers\PaymentController@payTeacherSalary,"api,Illuminate\Auth\Middleware\Authenticate:sanctum,App\Http\Middleware\ApiVersioning,App\Http\Middleware\ApiRateLimiter:default",False,noauth,401,401,PASS,"POST /api/teachers/08b83754-a5d1-4ad2-ac97-e349dd9b102d/pay-salary -> 401 {""message"":""Unauthenticated.""}"
api/teachers/{teacherId}/pay-salary,POST,App\Modules\FinancePayroll\Http\Controllers\PaymentController@payTeacherSalary,"api,Illuminate\Auth\Middleware\Authenticate:sanctum,App\Http\Middleware\ApiVersioning,App\Http\Middleware\ApiRateLimiter:default",False,badauth,401,401,PASS,"POST /api/teachers/08b83754-a5d1-4ad2-ac97-e349dd9b102d/pay-salary -> 401 {""message"":""Unauthenticated.""}"
api/teachers/{teacherId}/pay-salary,POST,App\Modules\FinancePayroll\Http\Controllers\PaymentController@payTeacherSalary,"api,Illuminate\Auth\Middleware\Authenticate:sanctum,App\Http\Middleware\ApiVersioning,App\Http\Middleware\ApiRateLimiter:default",False,admin,never 5xx,429,PASS,"POST /api/teachers/08b83754-a5d1-4ad2-ac97-e349dd9b102d/pay-salary -> 429 {""message"":""Too many requests. Please try again later."",""retry_after"":17}"
api/teachers/{teacherId}/pay-salary,POST,App\Modules\FinancePayroll\Http\Controllers\PaymentController@payTeacherSalary,"api,Illuminate\Auth\Middleware\Authenticate:sanctum,App\Http\Middleware\ApiVersioning,App\Http\Middleware\ApiRateLimiter:default",False,limited,never 5xx,422,PASS,"POST /api/teachers/08b83754-a5d1-4ad2-ac97-e349dd9b102d/pay-salary -> 422 {""message"":""The period key field is required. (and 3 more errors)"",""errors"":{""period_key"":[""The peri"
api/users,GET,App\Modules\Iam\Http\Controllers\UserController@index,"api,Illuminate\Auth\Middleware\Authenticate:sanctum,App\Http\Middleware\ApiVersioning,App\Http\Middleware\ApiRateLimiter:default",False,noauth,401,401,PASS,"GET /api/users -> 401 {""message"":""Unauthenticated.""}"
api/users,GET,App\Modules\Iam\Http\Controllers\UserController@index,"api,Illuminate\Auth\Middleware\Authenticate:sanctum,App\Http\Middleware\ApiVersioning,App\Http\Middleware\ApiRateLimiter:default",False,badauth,401,401,PASS,"GET /api/users -> 401 {""message"":""Unauthenticated.""}"
api/users,GET,App\Modules\Iam\Http\Controllers\UserController@index,"api,Illuminate\Auth\Middleware\Authenticate:sanctum,App\Http\Middleware\ApiVersioning,App\Http\Middleware\ApiRateLimiter:default",False,admin,never 5xx,200,PASS,"GET /api/users -> 200 [{""id"":""5efbde29-2fbe-4943-9888-b53442742004"",""username"":""admin"",""full_name"":""Ahmad Rahimi"",""employe"
api/users,GET,App\Modules\Iam\Http\Controllers\UserController@index,"api,Illuminate\Auth\Middleware\Authenticate:sanctum,App\Http\Middleware\ApiVersioning,App\Http\Middleware\ApiRateLimiter:default",False,limited,never 5xx,200,PASS,"GET /api/users -> 200 [{""id"":""5efbde29-2fbe-4943-9888-b53442742004"",""username"":""admin"",""full_name"":""Ahmad Rahimi"",""employe"
api/users,POST,App\Modules\Iam\Http\Controllers\UserController@store,"api,Illuminate\Auth\Middleware\Authenticate:sanctum,App\Http\Middleware\ApiVersioning,App\Http\Middleware\ApiRateLimiter:default",False,noauth,401,401,PASS,"POST /api/users -> 401 {""message"":""Unauthenticated.""}"
api/users,POST,App\Modules\Iam\Http\Controllers\UserController@store,"api,Illuminate\Auth\Middleware\Authenticate:sanctum,App\Http\Middleware\ApiVersioning,App\Http\Middleware\ApiRateLimiter:default",False,badauth,401,401,PASS,"POST /api/users -> 401 {""message"":""Unauthenticated.""}"
api/users,POST,App\Modules\Iam\Http\Controllers\UserController@store,"api,Illuminate\Auth\Middleware\Authenticate:sanctum,App\Http\Middleware\ApiVersioning,App\Http\Middleware\ApiRateLimiter:default",False,admin,never 5xx,429,PASS,"POST /api/users -> 429 {""message"":""Too many requests. Please try again later."",""retry_after"":10}"
api/users,POST,App\Modules\Iam\Http\Controllers\UserController@store,"api,Illuminate\Auth\Middleware\Authenticate:sanctum,App\Http\Middleware\ApiVersioning,App\Http\Middleware\ApiRateLimiter:default",False,limited,never 5xx,422,PASS,"POST /api/users -> 422 {""message"":""The username field is required. (and 4 more errors)"",""errors"":{""username"":[""The username"
api/users/{id},GET,App\Modules\Iam\Http\Controllers\UserController@show,"api,Illuminate\Auth\Middleware\Authenticate:sanctum,App\Http\Middleware\ApiVersioning,App\Http\Middleware\ApiRateLimiter:default",False,noauth,401,401,PASS,"GET /api/users/0a11840c-dad5-4c85-a483-ef74d6a4ce60 -> 401 {""message"":""Unauthenticated.""}"
api/users/{id},GET,App\Modules\Iam\Http\Controllers\UserController@show,"api,Illuminate\Auth\Middleware\Authenticate:sanctum,App\Http\Middleware\ApiVersioning,App\Http\Middleware\ApiRateLimiter:default",False,badauth,401,401,PASS,"GET /api/users/0a11840c-dad5-4c85-a483-ef74d6a4ce60 -> 401 {""message"":""Unauthenticated.""}"
api/users/{id},GET,App\Modules\Iam\Http\Controllers\UserController@show,"api,Illuminate\Auth\Middleware\Authenticate:sanctum,App\Http\Middleware\ApiVersioning,App\Http\Middleware\ApiRateLimiter:default",False,admin,never 5xx,200,PASS,"GET /api/users/0a11840c-dad5-4c85-a483-ef74d6a4ce60 -> 200 {""id"":""0a11840c-dad5-4c85-a483-ef74d6a4ce60"",""username"":""teacher2"",""full_name"":""Ms. Sarah Noori"",""em"
api/users/{id},GET,App\Modules\Iam\Http\Controllers\UserController@show,"api,Illuminate\Auth\Middleware\Authenticate:sanctum,App\Http\Middleware\ApiVersioning,App\Http\Middleware\ApiRateLimiter:default",False,limited,never 5xx,200,PASS,"GET /api/users/0a11840c-dad5-4c85-a483-ef74d6a4ce60 -> 200 {""id"":""0a11840c-dad5-4c85-a483-ef74d6a4ce60"",""username"":""teacher2"",""full_name"":""Ms. Sarah Noori"",""em"
api/users/{id},PATCH,App\Modules\Iam\Http\Controllers\UserController@update,"api,Illuminate\Auth\Middleware\Authenticate:sanctum,App\Http\Middleware\ApiVersioning,App\Http\Middleware\ApiRateLimiter:default",False,noauth,401,401,PASS,"PATCH /api/users/0a11840c-dad5-4c85-a483-ef74d6a4ce60 -> 401 {""message"":""Unauthenticated.""}"
api/users/{id},PATCH,App\Modules\Iam\Http\Controllers\UserController@update,"api,Illuminate\Auth\Middleware\Authenticate:sanctum,App\Http\Middleware\ApiVersioning,App\Http\Middleware\ApiRateLimiter:default",False,badauth,401,401,PASS,"PATCH /api/users/0a11840c-dad5-4c85-a483-ef74d6a4ce60 -> 401 {""message"":""Unauthenticated.""}"
api/users/{id},PATCH,App\Modules\Iam\Http\Controllers\UserController@update,"api,Illuminate\Auth\Middleware\Authenticate:sanctum,App\Http\Middleware\ApiVersioning,App\Http\Middleware\ApiRateLimiter:default",False,admin,never 5xx,429,PASS,"PATCH /api/users/0a11840c-dad5-4c85-a483-ef74d6a4ce60 -> 429 {""message"":""Too many requests. Please try again later."",""retry_after"":2}"
api/users/{id},PATCH,App\Modules\Iam\Http\Controllers\UserController@update,"api,Illuminate\Auth\Middleware\Authenticate:sanctum,App\Http\Middleware\ApiVersioning,App\Http\Middleware\ApiRateLimiter:default",False,limited,never 5xx,200,PASS,"PATCH /api/users/0a11840c-dad5-4c85-a483-ef74d6a4ce60 -> 200 {""id"":""0a11840c-dad5-4c85-a483-ef74d6a4ce60"",""username"":""teacher2"",""full_name"":""Ms. Sarah Noori"",""em"
api/users/{id},DELETE,App\Modules\Iam\Http\Controllers\UserController@destroy,"api,Illuminate\Auth\Middleware\Authenticate:sanctum,App\Http\Middleware\ApiVersioning,App\Http\Middleware\ApiRateLimiter:default",False,noauth,401,401,PASS,"DELETE /api/users/9675fe62-e48a-434a-abca-9f878bf97548 -> 401 {""message"":""Unauthenticated.""}"
api/users/{id},DELETE,App\Modules\Iam\Http\Controllers\UserController@destroy,"api,Illuminate\Auth\Middleware\Authenticate:sanctum,App\Http\Middleware\ApiVersioning,App\Http\Middleware\ApiRateLimiter:default",False,badauth,401,401,PASS,"DELETE /api/users/4c4bf851-fd86-4cf7-a332-d28d38be2a59 -> 401 {""message"":""Unauthenticated.""}"
api/users/{id},DELETE,App\Modules\Iam\Http\Controllers\UserController@destroy,"api,Illuminate\Auth\Middleware\Authenticate:sanctum,App\Http\Middleware\ApiVersioning,App\Http\Middleware\ApiRateLimiter:default",False,admin,never 5xx,404,PASS,"DELETE /api/users/73635bdc-6876-499a-80b3-2df79c2176e5 -> 404 {
    ""message"": ""No query results for model [App\\Modules\\Iam\\Models\\User] 73635bdc-6876-499a-80"
api/users/{id},DELETE,App\Modules\Iam\Http\Controllers\UserController@destroy,"api,Illuminate\Auth\Middleware\Authenticate:sanctum,App\Http\Middleware\ApiVersioning,App\Http\Middleware\ApiRateLimiter:default",False,limited,never 5xx,404,PASS,"DELETE /api/users/88915c5e-8386-4077-90ee-b9ecf153e92e -> 404 {
    ""message"": ""No query results for model [App\\Modules\\Iam\\Models\\User] 88915c5e-8386-4077-90"
api/visitors,GET,App\Modules\CrmEnrollment\Http\Controllers\VisitorController@index,"api,Illuminate\Auth\Middleware\Authenticate:sanctum,App\Http\Middleware\ApiVersioning,App\Http\Middleware\ApiRateLimiter:default",False,noauth,401,401,PASS,"GET /api/visitors -> 401 {""message"":""Unauthenticated.""} (re-tested after restarting the php-wasm bridge)"
api/visitors,GET,App\Modules\CrmEnrollment\Http\Controllers\VisitorController@index,"api,Illuminate\Auth\Middleware\Authenticate:sanctum,App\Http\Middleware\ApiVersioning,App\Http\Middleware\ApiRateLimiter:default",False,badauth,401,401,PASS,"GET /api/visitors -> 401 {""message"":""Unauthenticated.""} (re-tested after restarting the php-wasm bridge)"
api/visitors,GET,App\Modules\CrmEnrollment\Http\Controllers\VisitorController@index,"api,Illuminate\Auth\Middleware\Authenticate:sanctum,App\Http\Middleware\ApiVersioning,App\Http\Middleware\ApiRateLimiter:default",False,admin,never 5xx,200,PASS,"GET /api/visitors -> 200 [{""id"":""07f20925-0bbd-4c0e-af7a-891b490b9a3e"",""serial_no"":""V-MAPMX1"",""full_name"" (re-tested after restarting the php-wasm bridge)"
api/visitors,GET,App\Modules\CrmEnrollment\Http\Controllers\VisitorController@index,"api,Illuminate\Auth\Middleware\Authenticate:sanctum,App\Http\Middleware\ApiVersioning,App\Http\Middleware\ApiRateLimiter:default",False,limited,never 5xx,200,PASS,"GET /api/visitors -> 200 [{""id"":""a81feb80-b28b-4f85-8f49-5ddcebf75e27"",""serial_no"":""V-VIFJE7"",""full_name"" (re-tested after restarting the php-wasm bridge)"
api/visitors,POST,App\Modules\CrmEnrollment\Http\Controllers\VisitorController@store,"api,Illuminate\Auth\Middleware\Authenticate:sanctum,App\Http\Middleware\ApiVersioning,App\Http\Middleware\ApiRateLimiter:default",False,noauth,401,401,PASS,"POST /api/visitors -> 401 {""message"":""Unauthenticated.""} (re-tested after restarting the php-wasm bridge)"
api/visitors,POST,App\Modules\CrmEnrollment\Http\Controllers\VisitorController@store,"api,Illuminate\Auth\Middleware\Authenticate:sanctum,App\Http\Middleware\ApiVersioning,App\Http\Middleware\ApiRateLimiter:default",False,badauth,401,401,PASS,"POST /api/visitors -> 401 {""message"":""Unauthenticated.""} (re-tested after restarting the php-wasm bridge)"
api/visitors,POST,App\Modules\CrmEnrollment\Http\Controllers\VisitorController@store,"api,Illuminate\Auth\Middleware\Authenticate:sanctum,App\Http\Middleware\ApiVersioning,App\Http\Middleware\ApiRateLimiter:default",False,admin,never 5xx,422,PASS,"POST /api/visitors -> 422 {""message"":""The full name field is required. (and 1 more error)"",""errors"":{""full (re-tested after restarting the php-wasm bridge)"
api/visitors,POST,App\Modules\CrmEnrollment\Http\Controllers\VisitorController@store,"api,Illuminate\Auth\Middleware\Authenticate:sanctum,App\Http\Middleware\ApiVersioning,App\Http\Middleware\ApiRateLimiter:default",False,limited,never 5xx,422,PASS,"POST /api/visitors -> 422 {""message"":""The full name field is required. (and 1 more error)"",""errors"":{""full (re-tested after restarting the php-wasm bridge)"
api/visitors/{id},GET,App\Modules\CrmEnrollment\Http\Controllers\VisitorController@show,"api,Illuminate\Auth\Middleware\Authenticate:sanctum,App\Http\Middleware\ApiVersioning,App\Http\Middleware\ApiRateLimiter:default",False,noauth,401,401,PASS,"GET /api/visitors/07f20925-0bbd-4c0e-af7a-891b490b9a3e -> 401 {""message"":""Unauthenticated.""} (re-tested after restarting the php-wasm bridge)"
api/visitors/{id},GET,App\Modules\CrmEnrollment\Http\Controllers\VisitorController@show,"api,Illuminate\Auth\Middleware\Authenticate:sanctum,App\Http\Middleware\ApiVersioning,App\Http\Middleware\ApiRateLimiter:default",False,badauth,401,401,PASS,"GET /api/visitors/07f20925-0bbd-4c0e-af7a-891b490b9a3e -> 401 {""message"":""Unauthenticated.""} (re-tested after restarting the php-wasm bridge)"
api/visitors/{id},GET,App\Modules\CrmEnrollment\Http\Controllers\VisitorController@show,"api,Illuminate\Auth\Middleware\Authenticate:sanctum,App\Http\Middleware\ApiVersioning,App\Http\Middleware\ApiRateLimiter:default",False,admin,never 5xx,200,PASS,"GET /api/visitors/07f20925-0bbd-4c0e-af7a-891b490b9a3e -> 200 {""visitor"":{""id"":""07f20925-0bbd-4c0e-af7a-891b490b9a3e"",""serial_no"":""V-MAPMX1"","" (re-tested after restarting the php-wasm bridge)"
api/visitors/{id},GET,App\Modules\CrmEnrollment\Http\Controllers\VisitorController@show,"api,Illuminate\Auth\Middleware\Authenticate:sanctum,App\Http\Middleware\ApiVersioning,App\Http\Middleware\ApiRateLimiter:default",False,limited,never 5xx,200,PASS,"GET /api/visitors/07f20925-0bbd-4c0e-af7a-891b490b9a3e -> 200 {""visitor"":{""id"":""07f20925-0bbd-4c0e-af7a-891b490b9a3e"",""serial_no"":""V-MAPMX1"","" (re-tested after restarting the php-wasm bridge)"
api/visitors/{id}/conversion-readiness,GET,App\Modules\CrmEnrollment\Http\Controllers\VisitorController@conversionReadiness,"api,Illuminate\Auth\Middleware\Authenticate:sanctum,App\Http\Middleware\ApiVersioning,App\Http\Middleware\ApiRateLimiter:default",False,noauth,401,401,PASS,"GET /api/visitors/07f20925-0bbd-4c0e-af7a-891b490b9a3e/conversion-readiness -> 401 {""message"":""Unauthenticated.""} (re-tested after restarting the php-wasm bridge)"
api/visitors/{id}/conversion-readiness,GET,App\Modules\CrmEnrollment\Http\Controllers\VisitorController@conversionReadiness,"api,Illuminate\Auth\Middleware\Authenticate:sanctum,App\Http\Middleware\ApiVersioning,App\Http\Middleware\ApiRateLimiter:default",False,badauth,401,401,PASS,"GET /api/visitors/07f20925-0bbd-4c0e-af7a-891b490b9a3e/conversion-readiness -> 401 {""message"":""Unauthenticated.""} (re-tested after restarting the php-wasm bridge)"
api/visitors/{id}/conversion-readiness,GET,App\Modules\CrmEnrollment\Http\Controllers\VisitorController@conversionReadiness,"api,Illuminate\Auth\Middleware\Authenticate:sanctum,App\Http\Middleware\ApiVersioning,App\Http\Middleware\ApiRateLimiter:default",False,admin,never 5xx,200,PASS,"GET /api/visitors/07f20925-0bbd-4c0e-af7a-891b490b9a3e/conversion-readiness -> 200 {""canConvert"":false,""reasons"":[""Visitor stage is 'placement_booking'; complete p (re-tested after restarting the php-wasm bridge)"
api/visitors/{id}/conversion-readiness,GET,App\Modules\CrmEnrollment\Http\Controllers\VisitorController@conversionReadiness,"api,Illuminate\Auth\Middleware\Authenticate:sanctum,App\Http\Middleware\ApiVersioning,App\Http\Middleware\ApiRateLimiter:default",False,limited,never 5xx,200,PASS,"GET /api/visitors/07f20925-0bbd-4c0e-af7a-891b490b9a3e/conversion-readiness -> 200 {""canConvert"":false,""reasons"":[""Visitor stage is 'placement_booking'; complete p (re-tested after restarting the php-wasm bridge)"
api/visitors/{id}/convert,POST,App\Modules\CrmEnrollment\Http\Controllers\VisitorController@convert,"api,Illuminate\Auth\Middleware\Authenticate:sanctum,App\Http\Middleware\ApiVersioning,App\Http\Middleware\ApiRateLimiter:default",False,noauth,401,401,PASS,"POST /api/visitors/07f20925-0bbd-4c0e-af7a-891b490b9a3e/convert -> 401 {""message"":""Unauthenticated.""} (re-tested after restarting the php-wasm bridge)"
api/visitors/{id}/convert,POST,App\Modules\CrmEnrollment\Http\Controllers\VisitorController@convert,"api,Illuminate\Auth\Middleware\Authenticate:sanctum,App\Http\Middleware\ApiVersioning,App\Http\Middleware\ApiRateLimiter:default",False,badauth,401,401,PASS,"POST /api/visitors/07f20925-0bbd-4c0e-af7a-891b490b9a3e/convert -> 401 {""message"":""Unauthenticated.""} (re-tested after restarting the php-wasm bridge)"
api/visitors/{id}/convert,POST,App\Modules\CrmEnrollment\Http\Controllers\VisitorController@convert,"api,Illuminate\Auth\Middleware\Authenticate:sanctum,App\Http\Middleware\ApiVersioning,App\Http\Middleware\ApiRateLimiter:default",False,admin,never 5xx,400,PASS,"POST /api/visitors/07f20925-0bbd-4c0e-af7a-891b490b9a3e/convert -> 400 {""message"":""Cannot convert: Visitor stage is 'placement_booking'; complete place (re-tested after restarting the php-wasm bridge)"
api/visitors/{id}/convert,POST,App\Modules\CrmEnrollment\Http\Controllers\VisitorController@convert,"api,Illuminate\Auth\Middleware\Authenticate:sanctum,App\Http\Middleware\ApiVersioning,App\Http\Middleware\ApiRateLimiter:default",False,limited,never 5xx,400,PASS,"POST /api/visitors/07f20925-0bbd-4c0e-af7a-891b490b9a3e/convert -> 400 {""message"":""Cannot convert: Visitor stage is 'placement_booking'; complete place (re-tested after restarting the php-wasm bridge)"
api/visitors/{id}/followups,POST,App\Modules\CrmEnrollment\Http\Controllers\VisitorController@addFollowup,"api,Illuminate\Auth\Middleware\Authenticate:sanctum,App\Http\Middleware\ApiVersioning,App\Http\Middleware\ApiRateLimiter:default",False,noauth,401,401,PASS,"POST /api/visitors/07f20925-0bbd-4c0e-af7a-891b490b9a3e/followups -> 401 {""message"":""Unauthenticated.""} (re-tested after restarting the php-wasm bridge)"
api/visitors/{id}/followups,POST,App\Modules\CrmEnrollment\Http\Controllers\VisitorController@addFollowup,"api,Illuminate\Auth\Middleware\Authenticate:sanctum,App\Http\Middleware\ApiVersioning,App\Http\Middleware\ApiRateLimiter:default",False,badauth,401,401,PASS,"POST /api/visitors/07f20925-0bbd-4c0e-af7a-891b490b9a3e/followups -> 401 {""message"":""Unauthenticated.""} (re-tested after restarting the php-wasm bridge)"
api/visitors/{id}/followups,POST,App\Modules\CrmEnrollment\Http\Controllers\VisitorController@addFollowup,"api,Illuminate\Auth\Middleware\Authenticate:sanctum,App\Http\Middleware\ApiVersioning,App\Http\Middleware\ApiRateLimiter:default",False,admin,never 5xx,422,PASS,"POST /api/visitors/07f20925-0bbd-4c0e-af7a-891b490b9a3e/followups -> 422 {""message"":""The date field is required. (and 1 more error)"",""errors"":{""date"":[""T (re-tested after restarting the php-wasm bridge)"
api/visitors/{id}/followups,POST,App\Modules\CrmEnrollment\Http\Controllers\VisitorController@addFollowup,"api,Illuminate\Auth\Middleware\Authenticate:sanctum,App\Http\Middleware\ApiVersioning,App\Http\Middleware\ApiRateLimiter:default",False,limited,never 5xx,422,PASS,"POST /api/visitors/07f20925-0bbd-4c0e-af7a-891b490b9a3e/followups -> 422 {""message"":""The date field is required. (and 1 more error)"",""errors"":{""date"":[""T (re-tested after restarting the php-wasm bridge)"
broadcasting/auth,GET,Illuminate\Broadcasting\BroadcastController@authenticate,web,True,noauth,2xx/4xx per public flag,200,PASS,GET /broadcasting/auth -> 200  (re-tested after restarting the php-wasm bridge)
broadcasting/auth,GET,Illuminate\Broadcasting\BroadcastController@authenticate,web,True,badauth,2xx/4xx per public flag,200,PASS,GET /broadcasting/auth -> 200  (re-tested after restarting the php-wasm bridge)
broadcasting/auth,GET,Illuminate\Broadcasting\BroadcastController@authenticate,web,True,admin,never 5xx,200,PASS,GET /broadcasting/auth -> 200  (re-tested after restarting the php-wasm bridge)
broadcasting/auth,GET,Illuminate\Broadcasting\BroadcastController@authenticate,web,True,limited,never 5xx,200,PASS,GET /broadcasting/auth -> 200  (re-tested after restarting the php-wasm bridge)
sanctum/csrf-cookie,GET,Laravel\Sanctum\Http\Controllers\CsrfCookieController@show,web,True,noauth,2xx/4xx per public flag,204,PASS,GET /sanctum/csrf-cookie -> 204  (re-tested after restarting the php-wasm bridge)
sanctum/csrf-cookie,GET,Laravel\Sanctum\Http\Controllers\CsrfCookieController@show,web,True,badauth,2xx/4xx per public flag,204,PASS,GET /sanctum/csrf-cookie -> 204  (re-tested after restarting the php-wasm bridge)
sanctum/csrf-cookie,GET,Laravel\Sanctum\Http\Controllers\CsrfCookieController@show,web,True,admin,never 5xx,204,PASS,GET /sanctum/csrf-cookie -> 204  (re-tested after restarting the php-wasm bridge)
sanctum/csrf-cookie,GET,Laravel\Sanctum\Http\Controllers\CsrfCookieController@show,web,True,limited,never 5xx,204,PASS,GET /sanctum/csrf-cookie -> 204  (re-tested after restarting the php-wasm bridge)
storage/{path},GET,Closure,,True,noauth,2xx/4xx per public flag,404,PASS,GET /storage/does-not-exist.png -> 404 not found
storage/{path},GET,Closure,,True,badauth,2xx/4xx per public flag,404,PASS,GET /storage/does-not-exist.png -> 404 not found
storage/{path},GET,Closure,,True,admin,never 5xx,404,WARN,GET /storage/does-not-exist.png -> 404 not found
storage/{path},GET,Closure,,True,limited,never 5xx,404,WARN,GET /storage/does-not-exist.png -> 404 not found
storage/{path},PUT,Closure,,True,noauth,2xx/4xx per public flag,404,PASS,PUT /storage/does-not-exist.png -> 404 not found
storage/{path},PUT,Closure,,True,badauth,2xx/4xx per public flag,404,PASS,PUT /storage/does-not-exist.png -> 404 not found
storage/{path},PUT,Closure,,True,admin,never 5xx,404,PASS,PUT /storage/does-not-exist.png -> 404 not found
storage/{path},PUT,Closure,,True,limited,never 5xx,404,PASS,PUT /storage/does-not-exist.png -> 404 not found
up,GET,Closure,,True,noauth,2xx/4xx per public flag,200,PASS,"GET /up -> 200 <!DOCTYPE html>
<html lang=""en"">
<head>
    <meta charset=""utf-8"">
    <meta nam (re-tested after restarting the php-wasm bridge)"
up,GET,Closure,,True,badauth,2xx/4xx per public flag,200,PASS,"GET /up -> 200 <!DOCTYPE html>
<html lang=""en"">
<head>
    <meta charset=""utf-8"">
    <meta nam (re-tested after restarting the php-wasm bridge)"
up,GET,Closure,,True,admin,never 5xx,200,PASS,"GET /up -> 200 <!DOCTYPE html>
<html lang=""en"">
<head>
    <meta charset=""utf-8"">
    <meta nam (re-tested after restarting the php-wasm bridge)"
up,GET,Closure,,True,limited,never 5xx,200,PASS,"GET /up -> 200 <!DOCTYPE html>
<html lang=""en"">
<head>
    <meta charset=""utf-8"">
    <meta nam (re-tested after restarting the php-wasm bridge)"
